gw,player_id,minutes,goals_scored,assists,clean_sheets,goals_conceded,own_goals,penalties_saved,penalties_missed,yellow_cards,red_cards,saves,bonus,fmmp,winning_goals,won_tackle,accurate_pass,clearances_blocks_interceptions,shot_target,big_chance_created,big_chance_missed,performance_index,total_points,played,in_dreamteam
1,1,90,0,0,0,2,0,0,0,1,0,0,1,0,0,4,62,12,0,0,0,76,6,True,False
1,2,90,0,0,0,2,0,0,0,0,0,0,0,0,0,0,14,3,0,0,0,26,2,True,False
1,3,0,0,0,0,0,0,0,0,0,0,0,0,0,0,0,0,0,0,0,0,0,0,False,False
1,4,90,0,0,0,2,0,0,0,0,0,1,0,0,0,0,9,7,0,0,0,35,1,True,False
1,5,90,0,0,0,2,0,0,0,0,0,0,0,0,0,0,62,6,0,0,0,48,3,True,False
1,6,90,0,0,0,2,0,0,0,0,0,0,0,0,0,1,73,13,0,0,0,68,4,True,False
1,7,63,0,0,0,2,0,0,0,0,0,0,0,0,0,0,45,0,1,0,0,48,3,True,False
1,8,0,0,0,0,0,0,0,0,0,0,0,0,0,0,0,0,0,0,0,0,0,0,False,False
1,9,0,0,0,0,0,0,0,0,0,0,0,0,0,0,0,0,0,0,0,0,0,0,False,False
1,10,56,0,0,0,2,0,0,0,1,0,0,0,0,0,0,27,3,0,0,0,62,0,True,False
1,11,0,0,0,0,0,0,0,0,0,0,0,0,0,0,0,0,0,0,0,0,0,0,False,False
1,12,77,0,0,0,2,0,0,0,0,0,0,0,0,0,1,45,9,2,0,0,62,4,True,False
1,13,90,1,0,0,2,0,0,0,0,0,0,3,0,0,2,31,5,1,0,0,95,10,True,False
1,14,0,0,0,0,0,0,0,0,0,0,0,0,0,0,0,0,0,0,0,0,0,0,False,False
1,15,0,0,0,0,0,0,0,0,0,0,0,0,0,0,0,0,0,0,0,0,0,0,False,False
1,16,0,0,0,0,0,0,0,0,0,0,0,0,0,0,0,0,0,0,0,0,0,0,False,False
1,17,0,0,0,0,0,0,0,0,0,0,0,0,0,0,0,0,0,0,0,0,0,0,False,False
1,18,12,0,0,0,0,0,0,0,0,0,0,0,0,0,0,2,0,0,0,0,0,1,True,False
1,19,0,0,0,0,0,0,0,0,0,0,0,0,0,0,0,0,0,0,0,0,0,0,False,False
1,20,90,0,0,0,4,0,0,0,0,0,1,0,0,0,0,24,8,0,0,0,50,-1,True,False
1,21,0,0,0,0,0,0,0,0,0,0,0,0,0,0,0,0,0,0,0,0,0,0,False,False
1,22,90,0,0,0,4,0,0,0,0,0,0,0,0,0,0,47,13,0,1,0,35,4,True,False
1,23,0,0,0,0,0,0,0,0,0,0,0,0,0,0,0,0,0,0,0,0,0,0,False,False
1,24,90,1,0,0,4,0,0,0,0,0,0,0,0,0,1,15,1,2,0,2,75,6,True,False
1,25,75,0,1,0,3,0,0,0,0,0,0,0,0,0,0,27,6,0,1,0,59,6,True,False
1,26,75,0,1,0,3,0,0,0,0,0,0,0,0,0,0,25,7,1,1,0,61,6,True,False
1,27,0,0,0,0,0,0,0,0,0,0,0,0,0,0,0,0,0,0,0,0,0,0,False,False
1,28,90,0,0,0,4,0,0,0,0,0,0,0,0,0,1,41,15,0,0,0,22,3,True,False
1,29,0,0,0,0,0,0,0,0,0,0,0,0,0,0,0,0,0,0,0,0,0,0,False,False
1,30,0,0,0,0,0,0,0,0,0,0,0,0,0,0,0,0,0,0,0,0,0,0,False,False
1,31,0,0,0,0,0,0,0,0,0,0,0,0,0,0,0,0,0,0,0,0,0,0,False,False
1,32,64,0,0,0,3,0,0,0,1,0,0,0,0,0,0,14,4,1,0,0,32,1,True,False
1,33,90,0,0,0,4,0,0,0,0,0,0,0,0,0,2,24,4,0,0,0,15,0,True,False
1,34,0,0,0,0,0,0,0,0,0,0,0,0,0,0,0,0,0,0,0,0,0,0,False,False
1,35,0,0,0,0,0,0,0,0,0,0,0,0,0,0,0,0,0,0,0,0,0,0,False,False
1,36,19,0,0,0,1,0,0,0,0,0,0,0,0,0,0,3,1,0,0,0,0,1,True,False
1,37,25,0,0,0,1,0,0,0,0,0,0,0,0,0,0,4,1,0,0,0,0,1,True,False
1,38,0,0,0,0,0,0,0,0,0,0,0,0,0,0,0,0,0,0,0,0,0,0,False,False
1,39,0,0,0,0,0,0,0,0,0,0,0,0,0,0,0,0,0,0,0,0,0,0,False,False
1,40,90,0,0,0,4,0,0,0,0,0,0,0,0,0,0,17,6,0,1,0,13,2,True,False
1,41,0,0,0,0,0,0,0,0,0,0,0,0,0,0,0,0,0,0,0,0,0,0,False,False
1,42,0,0,0,0,0,0,0,0,0,0,0,0,0,0,0,0,0,0,0,0,0,0,False,False
1,43,0,0,0,0,0,0,0,0,0,0,0,0,0,0,0,0,0,0,0,0,0,0,False,False
1,44,0,0,0,0,0,0,0,0,0,0,0,0,0,0,0,0,0,0,0,0,0,0,False,False
1,45,0,0,0,0,0,0,0,0,0,0,0,0,0,0,0,0,0,0,0,0,0,0,False,False
1,46,0,0,0,0,0,0,0,0,0,0,0,0,0,0,0,0,0,0,0,0,0,0,False,False
1,47,70,1,0,0,3,0,0,0,0,0,0,0,0,0,0,14,2,1,0,0,69,7,True,False
1,48,22,0,0,0,0,0,0,0,1,0,0,0,0,0,1,13,1,0,0,0,0,0,True,False
1,49,13,0,0,0,0,0,0,0,0,0,0,0,0,0,1,6,2,0,0,0,0,1,True,False
1,50,0,0,0,0,0,0,0,0,0,0,0,0,0,0,0,0,0,0,0,0,0,0,False,False
1,51,90,0,0,0,1,0,0,0,0,0,6,0,0,0,0,14,9,0,0,0,71,5,True,False
1,52,0,0,0,0,0,0,0,0,0,0,0,0,0,0,0,0,0,0,0,0,0,0,False,False
1,53,76,0,0,0,1,0,0,0,0,0,0,0,0,0,0,13,4,1,0,0,32,2,True,False
1,54,0,0,0,0,0,0,0,0,0,0,0,0,0,0,0,0,0,0,0,0,0,0,False,False
1,55,90,0,0,0,1,0,0,0,0,0,0,0,0,0,0,27,6,0,0,0,32,3,True,False
1,56,88,0,0,0,1,0,0,0,0,0,0,0,0,0,1,36,9,0,0,0,35,3,True,False
1,57,13,0,0,0,0,0,0,0,0,0,0,0,0,0,0,2,0,0,0,0,0,1,True,False
1,58,67,0,0,0,1,0,0,0,0,0,0,0,0,0,1,31,4,0,1,0,32,2,True,False
1,59,0,0,0,0,0,0,0,0,0,0,0,0,0,0,0,0,0,0,0,0,0,0,False,False
1,60,0,0,0,0,0,0,0,0,0,0,0,0,0,0,0,0,0,0,0,0,0,0,False,False
1,61,0,0,0,0,0,0,0,0,0,0,0,0,0,0,0,0,0,0,0,0,0,0,False,False
1,62,90,0,0,0,1,0,0,0,0,0,0,0,0,0,0,18,2,0,0,0,23,2,True,False
1,63,90,0,0,0,1,0,0,0,0,0,0,0,0,0,1,35,4,0,0,0,35,2,True,False
1,64,1,0,0,0,0,0,0,0,0,0,0,0,0,0,0,4,1,0,0,0,0,1,True,False
1,65,90,0,0,0,1,0,0,0,0,0,0,0,0,0,1,34,2,2,0,1,20,2,True,False
1,66,90,0,0,0,1,0,0,0,0,0,0,0,0,0,1,25,3,0,0,1,35,2,True,False
1,67,0,0,0,0,0,0,0,0,0,0,0,0,0,0,0,0,0,0,0,0,0,0,False,False
1,68,0,0,0,0,0,0,0,0,0,0,0,0,0,0,0,0,0,0,0,0,0,0,False,False
1,69,13,0,0,0,0,0,0,0,0,0,0,0,0,0,0,6,1,0,0,0,0,1,True,False
1,70,0,0,0,0,0,0,0,0,0,0,0,0,0,0,0,0,0,0,0,0,0,0,False,False
1,71,0,0,0,0,0,0,0,0,0,0,0,0,0,0,0,0,0,0,0,0,0,0,False,False
1,72,0,0,0,0,0,0,0,0,0,0,0,0,0,0,0,0,0,0,0,0,0,0,False,False
1,73,0,0,0,0,0,0,0,0,0,0,0,0,0,0,0,0,0,0,0,0,0,0,False,False
1,74,90,0,0,1,0,0,0,0,0,0,0,0,0,0,0,9,3,3,0,0,69,3,True,False
1,75,89,0,0,1,0,0,0,0,0,0,0,0,0,0,2,13,5,1,0,0,70,3,True,False
1,76,56,0,0,0,0,0,0,0,0,0,0,0,0,0,0,6,5,0,0,0,54,1,True,False
1,77,89,1,0,1,0,0,0,0,0,0,0,3,1,1,0,28,6,1,2,0,91,15,True,True
1,78,90,0,0,1,0,0,0,0,0,0,0,0,0,0,0,51,13,1,0,1,72,9,True,False
1,79,0,0,0,0,0,0,0,0,0,0,0,0,0,0,0,0,0,0,0,0,0,0,False,False
1,80,8,0,0,0,0,0,0,0,0,0,0,0,0,0,3,4,2,0,0,0,0,2,True,False
1,81,0,0,0,0,0,0,0,0,0,0,0,0,0,0,0,0,0,0,0,0,0,0,False,False
1,82,33,0,0,0,0,0,0,0,0,0,0,0,0,0,0,8,4,0,0,0,0,1,True,False
1,83,90,0,0,1,0,0,0,0,0,0,0,1,0,0,1,44,18,0,0,1,81,11,True,True
1,84,1,0,0,0,0,0,0,0,0,0,0,0,0,0,0,2,1,0,0,0,0,1,True,False
1,85,90,0,0,1,0,0,0,0,1,0,0,0,0,0,1,17,8,1,0,0,79,3,True,False
1,86,1,0,0,0,0,0,0,0,1,0,0,0,0,0,0,1,1,0,0,0,0,0,True,False
1,87,90,0,0,1,0,0,0,0,1,0,0,0,0,0,2,21,10,0,0,0,67,6,True,False
1,88,81,0,0,1,0,0,0,0,0,0,0,0,0,0,0,22,0,0,0,0,64,3,True,False
1,89,0,0,0,0,0,0,0,0,0,0,0,0,0,0,0,0,0,0,0,0,0,0,False,False
1,90,26,0,0,0,1,0,0,0,0,0,0,0,0,0,0,8,4,0,0,0,0,1,True,False
1,91,90,0,0,1,0,0,0,0,0,0,3,2,0,0,0,26,7,0,0,0,88,10,True,False
1,92,14,0,0,0,1,0,0,0,0,0,0,0,0,0,2,1,0,0,0,0,0,1,True,False
1,93,0,0,0,0,0,0,0,0,0,0,0,0,0,0,0,0,0,0,0,0,0,0,False,False
1,94,19,0,0,0,1,0,0,0,0,0,0,0,0,0,0,13,1,0,0,0,0,1,True,False
1,95,0,0,0,0,0,0,0,0,0,0,0,0,0,0,0,0,0,0,0,0,0,0,False,False
1,96,0,0,0,0,0,0,0,0,0,0,0,0,0,0,0,0,0,0,0,0,0,0,False,False
1,97,0,0,0,0,0,0,0,0,0,0,0,0,0,0,0,0,0,0,0,0,0,0,False,False
1,98,0,0,0,0,0,0,0,0,0,0,0,0,0,0,0,0,0,0,0,0,0,0,False,False
1,99,1,0,0,0,0,0,0,0,0,0,0,0,0,0,0,0,0,0,0,0,0,1,True,False
1,100,0,0,0,0,0,0,0,0,0,0,0,0,0,0,0,0,0,0,0,0,0,0,False,False
1,101,89,0,0,1,0,0,0,0,1,0,0,0,0,0,2,11,7,0,0,0,54,6,True,False
1,102,0,0,0,0,0,0,0,0,0,0,0,0,0,0,0,0,0,0,0,0,0,0,False,False
1,103,0,0,0,0,0,0,0,0,0,0,0,0,0,0,0,0,0,0,0,0,0,0,False,False
1,104,0,0,0,0,0,0,0,0,0,0,0,0,0,0,0,0,0,0,0,0,0,0,False,False
1,105,0,0,0,0,0,0,0,0,0,0,0,0,0,0,0,0,0,0,0,0,0,0,False,False
1,106,0,0,0,0,0,0,0,0,0,0,0,0,0,0,0,0,0,0,0,0,0,0,False,False
1,107,0,0,0,0,0,0,0,0,0,0,0,0,0,0,0,0,0,0,0,0,0,0,False,False
1,108,0,0,0,0,0,0,0,0,0,0,0,0,0,0,0,0,0,0,0,0,0,0,False,False
1,109,0,0,0,0,0,0,0,0,0,0,0,0,0,0,0,0,0,0,0,0,0,0,False,False
1,110,0,0,0,0,0,0,0,0,0,0,0,0,0,0,0,0,0,0,0,0,0,0,False,False
1,111,0,0,0,0,0,0,0,0,0,0,0,0,0,0,0,0,0,0,0,0,0,0,False,False
1,112,0,0,0,0,0,0,0,0,0,0,0,0,0,0,0,0,0,0,0,0,0,0,False,False
1,113,0,0,0,0,0,0,0,0,0,0,0,0,0,0,0,0,0,0,0,0,0,0,False,False
1,114,0,0,0,0,0,0,0,0,0,0,0,0,0,0,0,0,0,0,0,0,0,0,False,False
1,115,0,0,0,0,0,0,0,0,0,0,0,0,0,0,0,0,0,0,0,0,0,0,False,False
1,116,0,0,0,0,0,0,0,0,0,0,0,0,0,0,0,0,0,0,0,0,0,0,False,False
1,117,0,0,0,0,0,0,0,0,0,0,0,0,0,0,0,0,0,0,0,0,0,0,False,False
1,118,9,0,0,0,0,0,0,0,0,0,0,0,0,0,0,2,0,0,0,0,0,1,True,False
1,119,0,0,0,0,0,0,0,0,0,0,0,0,0,0,0,0,0,0,0,0,0,0,False,False
1,120,0,0,0,0,0,0,0,0,0,0,0,0,0,0,0,0,0,0,0,0,0,0,False,False
1,121,0,0,0,0,0,0,0,0,0,0,0,0,0,0,0,0,0,0,0,0,0,0,False,False
1,122,0,0,0,0,0,0,0,0,0,0,0,0,0,0,0,0,0,0,0,0,0,0,False,False
1,123,0,0,0,0,0,0,0,0,0,0,0,0,0,0,0,0,0,0,0,0,0,0,False,False
1,124,80,0,0,0,3,0,0,0,0,0,0,0,0,0,1,21,8,0,0,0,19,2,True,False
1,125,27,0,0,0,1,0,0,0,0,0,0,0,0,0,0,8,0,0,0,0,0,1,True,False
1,126,0,0,0,0,0,0,0,0,0,0,0,0,0,0,0,0,0,0,0,0,0,0,False,False
1,127,0,0,0,0,0,0,0,0,0,0,0,0,0,0,0,0,0,0,0,0,0,0,False,False
1,128,10,0,0,0,0,0,0,0,0,0,0,0,0,0,0,2,0,0,0,0,0,1,True,False
1,129,45,0,0,0,2,0,0,0,1,0,0,0,0,0,2,9,3,0,0,1,42,0,True,False
1,130,0,0,0,0,0,0,0,0,0,0,0,0,0,0,0,0,0,0,0,0,0,0,False,False
1,131,0,0,0,0,0,0,0,0,0,0,0,0,0,0,0,0,0,0,0,0,0,0,False,False
1,132,0,0,0,0,0,0,0,0,0,0,0,0,0,0,0,0,0,0,0,0,0,0,False,False
1,133,0,0,0,0,0,0,0,0,0,0,0,0,0,0,0,0,0,0,0,0,0,0,False,False
1,134,0,0,0,0,0,0,0,0,0,0,0,0,0,0,0,0,0,0,0,0,0,0,False,False
1,135,90,0,0,0,3,0,0,0,0,0,0,0,0,0,2,33,10,0,0,0,24,2,True,False
1,136,90,0,0,0,3,0,0,0,0,0,0,0,0,0,1,28,6,0,0,0,19,2,True,False
1,137,62,0,0,0,2,0,0,0,0,0,0,0,0,0,0,9,0,0,1,0,27,2,True,False
1,138,90,0,0,0,3,0,0,0,0,0,0,0,0,0,2,27,8,0,0,0,29,3,True,False
1,139,90,0,0,0,3,0,0,0,0,0,0,0,0,0,1,38,8,1,0,0,44,3,True,False
1,140,0,0,0,0,0,0,0,0,0,0,0,0,0,0,0,0,0,0,0,0,0,0,False,False
1,141,0,0,0,0,0,0,0,0,0,0,0,0,0,0,0,0,0,0,0,0,0,0,False,False
1,142,90,0,0,0,3,0,0,0,0,0,0,0,0,0,1,20,3,1,0,0,14,2,True,False
1,143,0,0,0,0,0,0,0,0,0,0,0,0,0,0,0,0,0,0,0,0,0,0,False,False
1,144,66,0,0,0,2,0,0,0,0,0,0,0,0,0,1,21,9,0,0,0,28,3,True,False
1,145,0,0,0,0,0,0,0,0,0,0,0,0,0,0,0,0,0,0,0,0,0,0,False,False
1,146,66,0,0,0,2,0,0,0,0,0,0,0,0,0,0,28,10,0,0,0,44,2,True,False
1,147,90,0,0,0,2,0,0,0,0,0,0,0,0,0,1,43,9,0,1,0,26,4,True,False
1,148,0,0,0,0,0,0,0,0,0,0,0,0,0,0,0,0,0,0,0,0,0,0,False,False
1,149,0,0,0,0,0,0,0,0,0,0,0,0,0,0,0,0,0,0,0,0,0,0,False,False
1,150,0,0,0,0,0,0,0,0,0,0,0,0,0,0,0,0,0,0,0,0,0,0,False,False
1,151,90,1,0,0,2,0,0,0,0,0,0,0,0,0,3,54,7,1,0,0,75,10,True,False
1,152,32,0,0,0,1,0,0,0,0,0,0,0,0,0,0,6,1,1,0,0,0,1,True,False
1,153,90,0,0,0,2,0,0,0,0,0,0,0,0,0,1,36,1,0,0,0,34,2,True,False
1,154,0,0,0,0,0,0,0,0,0,0,0,0,0,0,0,0,0,0,0,0,0,0,False,False
1,155,0,0,0,0,0,0,0,0,0,0,0,0,0,0,0,0,0,0,0,0,0,0,False,False
1,156,0,0,0,0,0,0,0,0,0,0,0,0,0,0,0,0,0,0,0,0,0,0,False,False
1,157,90,0,0,0,2,0,0,0,0,0,0,0,0,0,0,49,5,0,0,0,27,2,True,False
1,158,0,0,0,0,0,0,0,0,0,0,0,0,0,0,0,0,0,0,0,0,0,0,False,False
1,159,90,0,0,0,2,0,0,0,0,0,0,0,0,0,0,62,11,0,0,0,60,3,True,False
1,160,57,0,1,0,1,0,0,0,0,0,0,0,0,0,0,26,3,1,1,0,0,4,True,False
1,161,90,0,0,0,2,0,0,0,0,0,2,0,0,0,0,14,5,0,0,0,36,2,True,False
1,162,0,0,0,0,0,0,0,0,0,0,0,0,0,0,0,0,0,0,0,0,0,0,False,False
1,163,0,0,0,0,0,0,0,0,0,0,0,0,0,0,0,0,0,0,0,0,0,0,False,False
1,164,23,0,0,0,0,0,0,0,0,0,0,0,0,0,0,15,2,0,0,0,0,1,True,False
1,165,0,0,0,0,0,0,0,0,0,0,0,0,0,0,0,0,0,0,0,0,0,0,False,False
1,166,0,0,0,0,0,0,0,0,0,0,0,0,0,0,0,0,0,0,0,0,0,0,False,False
1,167,90,0,0,0,2,0,0,0,1,0,0,0,0,0,0,8,3,2,0,1,70,1,True,False
1,168,0,0,0,0,0,0,0,0,0,0,0,0,0,0,0,0,0,0,0,0,0,0,False,False
1,169,0,0,0,0,0,0,0,0,0,0,0,0,0,0,0,0,0,0,0,0,0,0,False,False
1,170,0,0,0,0,0,0,0,0,0,0,0,0,0,0,0,0,0,0,0,0,0,0,False,False
1,171,0,0,0,0,0,0,0,0,0,0,0,0,0,0,0,0,0,0,0,0,0,0,False,False
1,172,0,0,0,0,0,0,0,0,0,0,0,0,0,0,0,0,0,0,0,0,0,0,False,False
1,173,83,0,0,0,2,0,0,0,0,0,0,0,0,0,0,32,9,0,0,0,48,2,True,False
1,174,0,0,0,0,0,0,0,0,0,0,0,0,0,0,0,0,0,0,0,0,0,0,False,False
1,175,0,0,0,0,0,0,0,0,0,0,0,0,0,0,0,0,0,0,0,0,0,0,False,False
1,176,83,0,1,0,2,0,0,0,0,0,0,3,0,0,0,22,7,0,1,1,85,9,True,False
1,177,0,0,0,0,0,0,0,0,0,0,0,0,0,0,0,0,0,0,0,0,0,0,False,False
1,178,0,0,0,0,0,0,0,0,0,0,0,0,0,0,0,0,0,0,0,0,0,0,False,False
1,179,0,0,0,0,0,0,0,0,0,0,0,0,0,0,0,0,0,0,0,0,0,0,False,False
1,180,0,0,0,0,0,0,0,0,0,0,0,0,0,0,0,0,0,0,0,0,0,0,False,False
1,181,90,0,0,0,2,0,0,0,0,0,0,0,0,0,0,28,9,0,0,2,81,1,True,False
1,182,69,1,0,0,2,0,0,0,0,0,0,1,0,0,1,15,1,1,0,0,82,8,True,False
1,183,90,1,0,0,2,0,0,0,0,0,0,0,0,0,0,16,1,1,0,1,81,7,True,False
1,184,0,0,0,0,0,0,0,0,0,0,0,0,0,0,0,0,0,0,0,0,0,0,False,False
1,185,6,0,0,0,0,0,0,0,0,0,0,0,0,0,0,2,0,0,0,0,0,1,True,False
1,186,20,0,1,0,0,0,0,0,0,0,0,0,0,0,0,2,0,1,0,1,0,4,True,False
1,187,0,0,0,0,0,0,0,0,0,0,0,0,0,0,0,0,0,0,0,0,0,0,False,False
1,188,70,0,0,0,2,0,0,0,0,0,0,0,0,0,0,21,4,0,0,0,38,2,True,False
1,189,0,0,0,0,0,0,0,0,0,0,0,0,0,0,0,0,0,0,0,0,0,0,False,False
1,190,0,0,0,0,0,0,0,0,0,0,0,0,0,0,0,0,0,0,0,0,0,0,False,False
1,191,90,0,1,0,2,0,0,0,0,0,0,0,0,0,0,23,8,0,0,0,47,5,True,False
1,192,0,0,0,0,0,0,0,0,0,0,0,0,0,0,0,0,0,0,0,0,0,0,False,False
1,193,56,0,0,0,2,0,0,0,0,0,0,0,0,0,1,12,2,1,0,0,32,1,True,False
1,194,88,0,0,0,2,0,0,0,0,0,0,0,0,0,1,27,10,0,1,0,61,3,True,False
1,195,1,0,0,0,0,0,0,0,0,0,0,0,0,0,1,7,3,0,0,0,0,1,True,False
1,196,19,0,0,0,0,0,0,0,0,0,0,0,0,0,0,9,3,0,1,0,0,1,True,False
1,197,0,0,0,0,0,0,0,0,0,0,0,0,0,0,0,0,0,0,0,0,0,0,False,False
1,198,0,0,0,0,0,0,0,0,0,0,0,0,0,0,0,0,0,0,0,0,0,0,False,False
1,199,0,0,0,0,0,0,0,0,0,0,0,0,0,0,0,0,0,0,0,0,0,0,False,False
1,200,90,2,1,0,2,0,0,0,0,0,0,2,1,1,1,48,4,2,1,0,84,20,True,True
1,201,0,0,0,0,0,0,0,0,0,0,0,0,0,0,0,0,0,0,0,0,0,0,False,False
1,202,0,0,0,0,0,0,0,0,0,0,0,0,0,0,0,0,0,0,0,0,0,0,False,False
1,203,0,0,0,0,0,0,0,0,0,0,0,0,0,0,0,0,0,0,0,0,0,0,False,False
1,204,0,0,0,0,0,0,0,0,0,0,0,0,0,0,0,0,0,0,0,0,0,0,False,False
1,205,0,0,0,0,0,0,0,0,0,0,0,0,0,0,0,0,0,0,0,0,0,0,False,False
1,206,0,0,0,0,0,0,0,0,0,0,0,0,0,0,0,0,0,0,0,0,0,0,False,False
1,207,90,0,0,0,2,0,0,0,0,0,0,0,0,0,2,32,9,0,1,0,62,3,True,False
1,208,0,0,0,0,0,0,0,0,0,0,0,0,0,0,0,0,0,0,0,0,0,0,False,False
1,209,6,0,0,0,0,0,0,0,0,0,0,0,0,0,0,3,0,0,0,0,0,1,True,False
1,210,0,0,0,0,0,0,0,0,0,0,0,0,0,0,0,0,0,0,0,0,0,0,False,False
1,211,0,0,0,0,0,0,0,0,0,0,0,0,0,0,0,0,0,0,0,0,0,0,False,False
1,212,90,0,0,0,2,0,0,0,0,0,3,0,0,0,0,21,11,0,0,0,57,3,True,False
1,213,0,0,0,0,0,0,0,0,0,0,0,0,0,0,0,0,0,0,0,0,0,0,False,False
1,214,12,0,0,0,0,0,0,0,0,0,0,0,0,0,0,12,0,0,0,0,0,1,True,False
1,215,0,0,0,0,0,0,0,0,0,0,0,0,0,0,0,0,0,0,0,0,0,0,False,False
1,216,0,0,0,0,0,0,0,0,0,0,0,0,0,0,0,0,0,0,0,0,0,0,False,False
1,217,2,0,0,0,0,0,0,0,0,0,0,0,0,0,0,2,2,0,0,0,0,1,True,False
1,218,90,0,0,0,2,0,0,0,0,0,0,0,0,0,1,47,16,0,0,0,77,4,True,False
1,219,0,0,0,0,0,0,0,0,0,0,0,0,0,0,0,0,0,0,0,0,0,0,False,False
1,220,0,0,0,0,0,0,0,0,0,0,0,0,0,0,0,0,0,0,0,0,0,0,False,False
1,221,0,0,0,0,0,0,0,0,0,0,0,0,0,0,0,0,0,0,0,0,0,0,False,False
1,222,0,0,0,0,0,0,0,0,0,0,0,0,0,0,0,0,0,0,0,0,0,0,False,False
1,223,0,0,0,0,0,0,0,0,0,0,0,0,0,0,0,0,0,0,0,0,0,0,False,False
1,224,90,0,2,0,2,0,0,0,0,0,0,1,0,0,0,76,5,1,1,0,88,10,True,False
1,225,0,0,0,0,0,0,0,0,0,0,0,0,0,0,0,0,0,0,0,0,0,0,False,False
1,226,0,0,0,0,0,0,0,0,0,0,0,0,0,0,0,0,0,0,0,0,0,0,False,False
1,227,0,0,0,0,0,0,0,0,0,0,0,0,0,0,0,0,0,0,0,0,0,0,False,False
1,228,0,0,0,0,0,0,0,0,0,0,0,0,0,0,0,0,0,0,0,0,0,0,False,False
1,229,90,0,0,0,2,0,0,0,0,0,0,0,0,0,0,63,9,0,1,0,85,4,True,False
1,230,0,0,0,0,0,0,0,0,0,0,0,0,0,0,0,0,0,0,0,0,0,0,False,False
1,231,0,0,0,0,0,0,0,0,0,0,0,0,0,0,0,0,0,0,0,0,0,0,False,False
1,232,45,0,0,0,1,0,0,0,0,0,0,0,0,0,0,11,2,0,0,0,0,1,True,False
1,233,87,0,0,0,2,0,0,0,0,0,0,0,0,0,2,33,6,0,0,0,73,2,True,False
1,234,0,0,0,0,0,0,0,0,0,0,0,0,0,0,0,0,0,0,0,0,0,0,False,False
1,235,63,0,1,0,2,0,0,0,0,0,0,0,0,0,0,16,3,1,0,1,38,5,True,False
1,236,0,0,0,0,0,0,0,0,0,0,0,0,0,0,0,0,0,0,0,0,0,0,False,False
1,237,0,0,0,0,0,0,0,0,0,0,0,0,0,0,0,0,0,0,0,0,0,0,False,False
1,238,0,0,0,0,0,0,0,0,0,0,0,0,0,0,0,0,0,0,0,0,0,0,False,False
1,239,0,0,0,0,0,0,0,0,0,0,0,0,0,0,0,0,0,0,0,0,0,0,False,False
1,240,90,3,0,0,2,0,0,0,0,0,0,3,1,0,0,6,0,5,0,2,100,21,True,True
1,241,0,0,0,0,0,0,0,0,0,0,0,0,0,0,0,0,0,0,0,0,0,0,False,False
1,242,0,0,0,0,0,0,0,0,0,0,0,0,0,0,0,0,0,0,0,0,0,0,False,False
1,243,0,0,0,0,0,0,0,0,0,0,0,0,0,0,0,0,0,0,0,0,0,0,False,False
1,244,90,0,0,0,2,0,0,0,1,0,0,2,0,0,1,78,7,0,0,0,89,5,True,False
1,245,63,0,0,0,2,0,0,0,0,0,0,0,0,0,0,32,3,1,0,0,47,1,True,False
1,246,0,0,0,0,0,0,0,0,0,0,0,0,0,0,0,0,0,0,0,0,0,0,False,False
1,247,90,0,0,0,2,0,0,0,0,0,2,0,0,0,0,9,9,0,0,0,38,2,True,False
1,248,0,0,0,0,0,0,0,0,0,0,0,0,0,0,0,0,0,0,0,0,0,0,False,False
1,249,78,0,0,0,2,0,0,0,1,0,0,0,0,0,0,18,0,0,0,0,47,1,True,False
1,250,45,0,0,0,1,0,0,0,0,0,0,0,0,0,0,17,2,1,2,0,77,2,True,False
1,251,0,0,0,0,0,0,0,0,0,0,0,0,0,0,0,0,0,0,0,0,0,0,False,False
1,252,0,0,0,0,0,0,0,0,0,0,0,0,0,0,0,0,0,0,0,0,0,0,False,False
1,253,0,0,0,0,0,0,0,0,0,0,0,0,0,0,0,0,0,0,0,0,0,0,False,False
1,254,0,0,0,0,0,0,0,0,0,0,0,0,0,0,0,0,0,0,0,0,0,0,False,False
1,255,0,0,0,0,0,0,0,0,0,0,0,0,0,0,0,0,0,0,0,0,0,0,False,False
1,256,0,0,0,0,0,0,0,0,0,0,0,0,0,0,0,0,0,0,0,0,0,0,False,False
1,257,0,0,0,0,0,0,0,0,0,0,0,0,0,0,0,0,0,0,0,0,0,0,False,False
1,258,90,0,0,0,1,0,0,0,0,0,0,0,0,0,1,55,13,0,0,0,67,5,True,False
1,259,0,0,0,0,0,0,0,0,0,0,0,0,0,0,0,0,0,0,0,0,0,0,False,False
1,260,0,0,0,0,0,0,0,0,0,0,0,0,0,0,0,0,0,0,0,0,0,0,False,False
1,261,1,0,0,0,0,0,0,0,0,0,0,0,0,0,0,1,0,0,0,0,0,1,True,False
1,262,0,0,0,0,0,0,0,0,0,0,0,0,0,0,0,0,0,0,0,0,0,0,False,False
1,263,0,0,0,0,0,0,0,0,0,0,0,0,0,0,0,0,0,0,0,0,0,0,False,False
1,264,61,0,1,0,1,0,0,0,0,0,0,0,0,0,0,15,4,0,1,0,69,6,True,False
1,265,3,0,0,0,0,0,0,0,0,0,0,0,0,0,0,3,2,0,0,0,0,1,True,False
1,266,0,0,0,0,0,0,0,0,0,0,0,0,0,0,0,0,0,0,0,0,0,0,False,False
1,267,0,0,0,0,0,0,0,0,0,0,0,0,0,0,0,0,0,0,0,0,0,0,False,False
1,268,0,0,0,0,0,0,0,0,0,0,0,0,0,0,0,0,0,0,0,0,0,0,False,False
1,269,8,0,0,0,0,0,0,0,0,0,0,0,0,0,0,4,1,0,0,1,0,1,True,False
1,270,0,0,0,0,0,0,0,0,0,0,0,0,0,0,0,0,0,0,0,0,0,0,False,False
1,271,45,0,0,0,0,0,0,0,0,0,0,0,0,0,0,8,1,0,0,0,50,1,True,False
1,272,0,0,0,0,0,0,0,0,0,0,0,0,0,0,0,0,0,0,0,0,0,0,False,False
1,273,0,0,0,0,0,0,0,0,0,0,0,0,0,0,0,0,0,0,0,0,0,0,False,False
1,274,45,0,0,0,1,0,0,0,0,0,0,0,0,0,0,31,2,0,0,0,0,1,True,False
1,275,0,0,0,0,0,0,0,0,0,0,0,0,0,0,0,0,0,0,0,0,0,0,False,False
1,276,0,0,0,0,0,0,0,0,0,0,0,0,0,0,0,0,0,0,0,0,0,0,False,False
1,277,0,0,0,0,0,0,0,0,0,0,0,0,0,0,0,0,0,0,0,0,0,0,False,False
1,278,0,0,0,0,0,0,0,0,0,0,0,0,0,0,0,0,0,0,0,0,0,0,False,False
1,279,0,0,0,0,0,0,0,0,0,0,0,0,0,0,0,0,0,0,0,0,0,0,False,False
1,280,28,0,0,0,0,0,0,0,0,0,0,0,0,0,0,21,4,0,0,0,0,1,True,False
1,281,28,0,0,0,0,0,0,0,1,0,0,0,0,0,0,14,3,0,0,0,0,0,True,False
1,282,90,0,0,0,1,0,0,0,0,0,4,0,0,0,0,12,12,0,0,0,63,5,True,False
1,283,0,0,0,0,0,0,0,0,0,0,0,0,0,0,0,0,0,0,0,0,0,0,False,False
1,284,0,0,0,0,0,0,0,0,0,0,0,0,0,0,0,0,0,0,0,0,0,0,False,False
1,285,0,0,0,0,0,0,0,0,0,0,0,0,0,0,0,0,0,0,0,0,0,0,False,False
1,286,90,0,0,0,1,0,0,0,0,0,0,0,0,0,3,40,8,0,0,0,56,5,True,False
1,287,0,0,0,0,0,0,0,0,0,0,0,0,0,0,0,0,0,0,0,0,0,0,False,False
1,288,57,0,0,0,1,0,0,0,0,1,0,0,0,0,0,37,6,0,0,0,25,-1,True,False
1,289,0,0,0,0,0,0,0,0,0,0,0,0,0,0,0,0,0,0,0,0,0,0,False,False
1,290,90,0,0,0,1,0,0,1,0,0,0,0,0,0,2,22,7,1,2,1,57,2,True,False
1,291,90,0,0,0,1,0,0,0,0,0,0,0,0,0,1,29,4,2,0,1,57,2,True,False
1,292,61,0,0,0,1,0,0,0,0,0,0,0,0,0,0,23,3,0,1,0,48,2,True,False
1,293,81,1,0,0,1,0,0,0,0,0,0,0,1,0,0,4,2,1,0,1,76,8,True,False
1,294,90,0,0,1,0,0,0,0,0,0,0,0,0,0,0,11,4,2,0,1,51,2,True,False
1,295,0,0,0,0,0,0,0,0,0,0,0,0,0,0,0,0,0,0,0,0,0,0,False,False
1,296,90,0,0,1,0,0,0,0,1,0,0,0,0,0,0,19,6,1,0,0,24,3,True,False
1,297,90,0,0,1,0,0,0,0,0,0,0,0,0,0,1,17,6,1,0,0,28,4,True,False
1,298,90,0,0,1,0,0,0,0,0,0,3,1,0,0,0,25,8,0,0,0,79,9,True,False
1,299,90,0,0,1,0,0,0,0,0,0,0,0,0,0,2,31,6,0,0,0,33,4,True,False
1,300,78,0,0,1,0,0,0,0,0,0,0,0,0,0,1,14,3,1,0,0,68,3,True,False
1,301,90,0,0,1,0,0,0,0,0,0,0,0,0,0,1,24,3,0,0,0,62,6,True,False
1,302,11,0,0,0,0,0,0,0,0,0,0,0,0,0,0,5,3,0,0,0,0,1,True,False
1,303,79,0,0,1,0,0,0,0,0,0,0,0,0,0,0,35,7,0,0,0,70,7,True,False
1,304,90,0,0,1,0,0,0,0,0,0,0,0,0,0,1,43,13,0,0,0,66,9,True,False
1,305,63,0,0,1,0,0,0,0,0,0,0,0,0,0,0,16,6,0,0,0,29,7,True,False
1,306,63,0,0,1,0,0,0,0,1,0,0,0,0,0,2,24,7,0,0,0,50,3,True,False
1,307,10,0,0,0,0,0,0,0,0,0,0,0,0,0,0,1,0,0,0,0,0,1,True,False
1,308,0,0,0,0,0,0,0,0,0,0,0,0,0,0,0,0,0,0,0,0,0,0,False,False
1,309,26,0,0,0,0,0,0,0,0,0,0,0,0,0,0,4,1,1,0,0,0,1,True,False
1,310,0,0,0,0,0,0,0,0,0,0,0,0,0,0,0,0,0,0,0,0,0,0,False,False
1,311,0,0,0,0,0,0,0,0,0,0,0,0,0,0,0,0,0,0,0,0,0,0,False,False
1,312,0,0,0,0,0,0,0,0,0,0,0,0,0,0,0,0,0,0,0,0,0,0,False,False
1,313,0,0,0,0,0,0,0,0,0,0,0,0,0,0,0,0,0,0,0,0,0,0,False,False
1,314,0,0,0,0,0,0,0,0,0,0,0,0,0,0,0,0,0,0,0,0,0,0,False,False
1,315,0,0,0,0,0,0,0,0,0,0,0,0,0,0,0,0,0,0,0,0,0,0,False,False
1,316,0,0,0,0,0,0,0,0,0,0,0,0,0,0,0,0,0,0,0,0,0,0,False,False
1,317,0,0,0,0,0,0,0,0,0,0,0,0,0,0,0,0,0,0,0,0,0,0,False,False
1,318,0,0,0,0,0,0,0,0,0,0,0,0,0,0,0,0,0,0,0,0,0,0,False,False
1,319,1,0,0,0,0,0,0,0,0,0,0,0,0,0,0,0,0,0,0,0,0,1,True,False
1,320,0,0,0,0,0,0,0,0,0,0,0,0,0,0,0,0,0,0,0,0,0,0,False,False
1,321,0,0,0,0,0,0,0,0,0,0,0,0,0,0,0,0,0,0,0,0,0,0,False,False
1,322,26,0,0,0,0,0,0,0,1,0,0,0,0,0,0,5,4,0,0,0,0,0,True,False
1,323,0,0,0,0,0,0,0,0,0,0,0,0,0,0,0,0,0,0,0,0,0,0,False,False
1,324,0,0,0,0,0,0,0,0,0,0,0,0,0,0,0,0,0,0,0,0,0,0,False,False
1,325,0,0,0,0,0,0,0,0,0,0,0,0,0,0,0,0,0,0,0,0,0,0,False,False
1,326,0,0,0,0,0,0,0,0,0,0,0,0,0,0,0,0,0,0,0,0,0,0,False,False
1,327,0,0,0,0,0,0,0,0,0,0,0,0,0,0,0,0,0,0,0,0,0,0,False,False
1,328,65,1,0,1,0,0,0,0,1,0,0,2,0,0,2,24,3,4,0,0,93,10,True,False
1,329,76,0,1,1,0,0,0,0,0,0,0,0,0,0,3,25,8,1,0,0,86,8,True,False
1,330,65,0,0,1,0,0,0,0,0,0,0,0,0,0,1,20,4,0,0,0,62,3,True,False
1,331,90,0,0,1,0,0,0,0,0,0,0,1,0,0,1,59,10,0,0,0,87,9,True,False
1,332,90,1,0,1,0,0,0,0,0,0,0,3,1,1,0,40,4,3,0,1,97,15,True,True
1,333,90,0,0,1,0,0,0,0,0,0,0,0,0,0,0,40,7,0,0,0,74,8,True,False
1,334,90,0,0,1,0,0,0,0,0,0,3,0,0,0,0,16,7,0,0,0,76,8,True,False
1,335,0,0,0,0,0,0,0,0,0,0,0,0,0,0,0,0,0,0,0,0,0,0,False,False
1,336,76,0,1,1,0,0,0,0,0,0,0,0,0,0,0,4,1,0,0,0,50,5,True,False
1,337,90,0,0,1,0,0,0,0,0,0,0,0,0,0,0,40,6,0,0,0,61,5,True,False
1,338,0,0,0,0,0,0,0,0,0,0,0,0,0,0,0,0,0,0,0,0,0,0,False,False
1,339,90,0,0,1,0,0,0,0,0,0,0,0,0,0,0,33,10,0,0,0,81,7,True,False
1,340,24,0,0,0,0,0,0,0,0,0,0,0,0,0,0,19,4,0,0,0,0,1,True,False
1,341,0,0,0,0,0,0,0,0,0,0,0,0,0,0,0,0,0,0,0,0,0,0,False,False
1,342,13,0,0,0,0,0,0,0,0,0,0,0,0,0,0,11,1,0,0,0,0,1,True,False
1,343,0,0,0,0,0,0,0,0,0,0,0,0,0,0,0,0,0,0,0,0,0,0,False,False
1,344,0,0,0,0,0,0,0,0,0,0,0,0,0,0,0,0,0,0,0,0,0,0,False,False
1,345,13,0,0,0,0,0,0,0,0,0,0,0,0,0,0,1,1,0,0,0,0,1,True,False
1,346,0,0,0,0,0,0,0,0,0,0,0,0,0,0,0,0,0,0,0,0,0,0,False,False
1,347,0,0,0,0,0,0,0,0,0,0,0,0,0,0,0,0,0,0,0,0,0,0,False,False
1,348,0,0,0,0,0,0,0,0,0,0,0,0,0,0,0,0,0,0,0,0,0,0,False,False
1,349,17,0,0,0,0,0,0,0,0,0,0,0,0,0,1,2,1,0,0,0,0,1,True,False
1,350,0,0,0,0,0,0,0,0,0,0,0,0,0,0,0,0,0,0,0,0,0,0,False,False
1,351,0,0,0,0,0,0,0,0,0,0,0,0,0,0,0,0,0,0,0,0,0,0,False,False
1,352,0,0,0,0,0,0,0,0,0,0,0,0,0,0,0,0,0,0,0,0,0,0,False,False
1,353,0,0,0,0,0,0,0,0,0,0,0,0,0,0,0,0,0,0,0,0,0,0,False,False
1,354,0,0,0,0,0,0,0,0,0,0,0,0,0,0,0,0,0,0,0,0,0,0,False,False
1,355,0,0,0,0,0,0,0,0,0,0,0,0,0,0,0,0,0,0,0,0,0,0,False,False
1,356,3,0,0,0,0,0,0,0,0,0,0,0,0,0,0,3,0,0,0,0,0,1,True,False
1,357,0,0,0,0,0,0,0,0,0,0,0,0,0,0,0,0,0,0,0,0,0,0,False,False
1,358,0,0,0,0,0,0,0,0,0,0,0,0,0,0,0,0,0,0,0,0,0,0,False,False
1,359,0,0,0,0,0,0,0,0,0,0,0,0,0,0,0,0,0,0,0,0,0,0,False,False
1,360,72,0,1,1,0,0,0,0,0,0,0,0,0,0,1,28,14,0,0,0,0,11,True,True
1,361,0,0,0,0,0,0,0,0,0,0,0,0,0,0,0,0,0,0,0,0,0,0,False,False
1,362,0,0,0,0,0,0,0,0,0,0,0,0,0,0,0,0,0,0,0,0,0,0,False,False
1,363,0,0,0,0,0,0,0,0,0,0,0,0,0,0,0,0,0,0,0,0,0,0,False,False
1,364,0,0,0,0,0,0,0,0,0,0,0,0,0,0,0,0,0,0,0,0,0,0,False,False
1,365,0,0,0,0,0,0,0,0,0,0,0,0,0,0,0,0,0,0,0,0,0,0,False,False
1,366,0,0,0,0,0,0,0,0,0,0,0,0,0,0,0,0,0,0,0,0,0,0,False,False
1,367,0,0,0,0,0,0,0,0,0,0,0,0,0,0,0,0,0,0,0,0,0,0,False,False
1,368,0,0,0,0,0,0,0,0,0,0,0,0,0,0,0,0,0,0,0,0,0,0,False,False
1,369,0,0,0,0,0,0,0,0,0,0,0,0,0,0,0,0,0,0,0,0,0,0,False,False
1,370,0,0,0,0,0,0,0,0,0,0,0,0,0,0,0,0,0,0,0,0,0,0,False,False
1,371,0,0,0,0,0,0,0,0,0,0,0,0,0,0,0,0,0,0,0,0,0,0,False,False
1,372,0,0,0,0,0,0,0,0,0,0,0,0,0,0,0,0,0,0,0,0,0,0,False,False
1,373,90,0,0,0,4,0,0,0,0,0,8,0,0,0,0,13,18,0,0,0,49,4,True,False
1,374,0,0,0,0,0,0,0,0,0,0,0,0,0,0,0,0,0,0,0,0,0,0,False,False
1,375,90,0,0,0,4,0,0,0,0,0,0,0,0,0,2,12,5,0,0,0,14,0,True,False
1,376,0,0,0,0,0,0,0,0,0,0,0,0,0,0,0,0,0,0,0,0,0,0,False,False
1,377,90,0,0,0,4,0,0,0,0,0,0,0,0,0,0,22,9,0,0,0,17,1,True,False
1,378,0,0,0,0,0,0,0,0,0,0,0,0,0,0,0,0,0,0,0,0,0,0,False,False
1,379,0,0,0,0,0,0,0,0,0,0,0,0,0,0,0,0,0,0,0,0,0,0,False,False
1,380,0,0,0,0,0,0,0,0,0,0,0,0,0,0,0,0,0,0,0,0,0,0,False,False
1,381,0,0,0,0,0,0,0,0,0,0,0,0,0,0,0,0,0,0,0,0,0,0,False,False
1,382,79,0,0,0,4,0,0,0,0,0,0,0,0,0,1,21,9,0,0,0,0,3,True,False
1,383,0,0,0,0,0,0,0,0,0,0,0,0,0,0,0,0,0,0,0,0,0,0,False,False
1,384,0,0,0,0,0,0,0,0,0,0,0,0,0,0,0,0,0,0,0,0,0,0,False,False
1,385,0,0,0,0,0,0,0,0,0,0,0,0,0,0,0,0,0,0,0,0,0,0,False,False
1,386,0,0,0,0,0,0,0,0,0,0,0,0,0,0,0,0,0,0,0,0,0,0,False,False
1,387,0,0,0,0,0,0,0,0,0,0,0,0,0,0,0,0,0,0,0,0,0,0,False,False
1,388,0,0,0,0,0,0,0,0,0,0,0,0,0,0,0,0,0,0,0,0,0,0,False,False
1,389,0,0,0,0,0,0,0,0,0,0,0,0,0,0,0,0,0,0,0,0,0,0,False,False
1,390,90,0,0,0,4,0,0,0,0,0,0,0,0,0,2,14,7,0,0,0,27,3,True,False
1,391,21,0,0,0,2,0,0,0,0,0,0,0,0,0,0,6,4,0,0,0,0,1,True,False
1,392,0,0,0,0,0,0,0,0,0,0,0,0,0,0,0,0,0,0,0,0,0,0,False,False
1,393,68,0,0,0,2,0,0,0,1,0,0,0,0,0,2,25,6,0,0,0,48,2,True,False
1,394,80,1,0,0,3,0,0,0,0,0,0,0,0,0,0,10,6,2,0,0,69,8,True,False
1,395,10,0,0,0,0,0,0,0,0,0,0,0,0,0,0,2,0,1,0,0,0,1,True,False
1,396,0,0,0,0,0,0,0,0,0,0,0,0,0,0,0,0,0,0,0,0,0,0,False,False
1,397,83,0,0,0,2,0,0,0,1,0,0,0,0,0,1,33,13,0,0,0,47,2,True,False
1,398,83,0,0,0,2,0,0,0,0,0,0,0,0,0,1,12,7,0,0,0,51,2,True,False
1,399,0,0,0,0,0,0,0,0,0,0,0,0,0,0,0,0,0,0,0,0,0,0,False,False
1,400,0,0,0,0,0,0,0,0,0,0,0,0,0,0,0,0,0,0,0,0,0,0,False,False
1,401,0,0,0,0,0,0,0,0,0,0,0,0,0,0,0,0,0,0,0,0,0,0,False,False
1,402,0,0,0,0,0,0,0,0,0,0,0,0,0,0,0,0,0,0,0,0,0,0,False,False
1,403,0,0,0,0,0,0,0,0,0,0,0,0,0,0,0,0,0,0,0,0,0,0,False,False
1,404,0,0,0,0,0,0,0,0,0,0,0,0,0,0,0,0,0,0,0,0,0,0,False,False
1,405,0,0,0,0,0,0,0,0,0,0,0,0,0,0,0,0,0,0,0,0,0,0,False,False
1,406,0,0,0,0,0,0,0,0,0,0,0,0,0,0,0,0,0,0,0,0,0,0,False,False
1,407,90,0,0,0,3,0,0,0,0,0,3,0,0,0,0,9,10,0,0,0,19,2,True,False
1,408,6,0,0,0,1,0,0,0,0,0,0,0,0,0,1,6,2,0,0,0,0,1,True,False
1,409,0,0,0,0,0,0,0,0,0,0,0,0,0,0,0,0,0,0,0,0,0,0,False,False
1,410,0,0,0,0,0,0,0,0,0,0,0,0,0,0,0,0,0,0,0,0,0,0,False,False
1,411,59,0,0,0,1,0,0,0,1,0,0,0,0,0,1,22,5,0,0,0,52,0,True,False
1,412,0,0,0,0,0,0,0,0,0,0,0,0,0,0,0,0,0,0,0,0,0,0,False,False
1,413,0,0,0,0,0,0,0,0,0,0,0,0,0,0,0,0,0,0,0,0,0,0,False,False
1,414,2,0,0,0,1,0,0,0,0,0,0,0,0,0,0,1,0,0,0,0,0,1,True,False
1,415,0,0,0,0,0,0,0,0,0,0,0,0,0,0,0,0,0,0,0,0,0,0,False,False
1,416,0,0,0,0,0,0,0,0,0,0,0,0,0,0,0,0,0,0,0,0,0,0,False,False
1,417,0,0,0,0,0,0,0,0,0,0,0,0,0,0,0,0,0,0,0,0,0,0,False,False
1,418,0,0,0,0,0,0,0,0,0,0,0,0,0,0,0,0,0,0,0,0,0,0,False,False
1,419,87,0,0,0,2,0,0,0,0,0,0,0,0,0,3,20,11,0,0,0,28,3,True,False
1,420,6,0,0,0,1,0,0,0,0,0,0,0,0,0,0,6,1,0,0,0,0,1,True,False
1,421,0,0,0,0,0,0,0,0,0,0,0,0,0,0,0,0,0,0,0,0,0,0,False,False
1,422,90,0,0,0,3,0,0,0,0,0,0,0,0,0,1,39,14,1,0,1,46,3,True,False
1,423,0,0,0,0,0,0,0,0,0,0,0,0,0,0,0,0,0,0,0,0,0,0,False,False
1,424,33,0,0,0,0,0,0,0,0,0,0,0,0,0,0,25,3,0,0,0,0,1,True,False
1,425,90,1,0,0,3,0,0,0,0,0,0,0,0,0,2,12,8,1,0,0,60,8,True,False
1,426,0,0,0,0,0,0,0,0,0,0,0,0,0,0,0,0,0,0,0,0,0,0,False,False
1,427,90,0,1,0,3,0,0,0,0,0,0,0,0,0,0,34,9,0,2,0,30,7,True,False
1,428,0,0,0,0,0,0,0,0,0,0,0,0,0,0,0,0,0,0,0,0,0,0,False,False
1,429,83,0,0,0,2,0,0,0,0,0,0,0,0,0,1,49,11,0,0,0,52,4,True,False
1,430,90,0,0,0,3,0,0,0,0,0,0,0,0,0,0,8,3,0,0,1,29,2,True,False
1,431,90,0,0,0,3,0,0,0,0,0,0,0,0,0,1,24,9,0,1,0,23,3,True,False
1,432,89,0,0,1,0,0,0,0,1,0,0,0,0,0,2,27,11,0,0,0,37,6,True,False
1,433,79,0,0,1,0,0,0,0,0,0,0,0,0,0,4,12,3,0,0,1,62,4,True,False
1,434,26,0,1,0,0,0,0,0,0,0,0,0,0,0,0,7,3,1,0,1,0,4,True,False
1,435,0,0,0,0,0,0,0,0,0,0,0,0,0,0,0,0,0,0,0,0,0,0,False,False
1,436,89,0,0,1,0,0,0,0,0,0,0,0,0,0,0,23,3,0,1,0,42,3,True,False
1,437,90,0,0,1,0,0,0,0,0,0,0,3,0,0,2,56,9,0,0,0,81,8,True,False
1,438,90,0,0,1,0,0,0,0,0,0,6,2,1,0,0,17,13,0,0,0,80,14,True,True
1,439,0,0,0,0,0,0,0,0,0,0,0,0,0,0,0,0,0,0,0,0,0,0,False,False
1,440,0,0,0,0,0,0,0,0,0,0,0,0,0,0,0,0,0,0,0,0,0,0,False,False
1,441,90,0,0,1,0,0,0,0,0,0,0,0,0,0,0,45,11,0,0,1,75,8,True,False
1,442,0,0,0,0,0,0,0,0,0,0,0,0,0,0,0,0,0,0,0,0,0,0,False,False
1,443,11,0,0,0,0,0,0,0,0,0,0,0,0,0,0,2,1,0,0,0,0,1,True,False
1,444,0,0,0,0,0,0,0,0,0,0,0,0,0,0,0,0,0,0,0,0,0,0,False,False
1,445,67,0,0,1,0,0,0,0,0,0,0,0,0,0,2,25,1,1,0,0,41,3,True,False
1,446,0,0,0,0,0,0,0,0,0,0,0,0,0,0,0,0,0,0,0,0,0,0,False,False
1,447,0,0,0,0,0,0,0,0,0,0,0,0,0,0,0,0,0,0,0,0,0,0,False,False
1,448,0,0,0,0,0,0,0,0,0,0,0,0,0,0,0,0,0,0,0,0,0,0,False,False
1,449,0,0,0,0,0,0,0,0,0,0,0,0,0,0,0,0,0,0,0,0,0,0,False,False
1,450,90,0,0,1,0,0,0,0,0,0,0,0,0,0,1,28,12,0,0,0,52,8,True,False
1,451,0,0,0,0,0,0,0,0,0,0,0,0,0,0,0,0,0,0,0,0,0,0,False,False
1,452,33,0,0,0,0,0,0,0,0,0,0,0,0,0,0,1,0,0,0,0,0,1,True,False
1,453,0,0,0,0,0,0,0,0,0,0,0,0,0,0,0,0,0,0,0,0,0,0,False,False
1,454,90,0,0,1,0,0,0,0,0,0,0,0,0,0,0,11,1,1,0,0,45,2,True,False
1,455,0,0,0,0,0,0,0,0,0,0,0,0,0,0,0,0,0,0,0,0,0,0,False,False
1,456,22,0,0,0,0,0,0,0,0,0,0,0,0,0,0,0,1,1,0,1,0,1,True,False
1,457,11,0,0,0,0,0,0,0,0,0,0,0,0,0,0,9,1,0,0,0,0,1,True,False
1,458,0,0,0,0,0,0,0,0,0,0,0,0,0,0,0,0,0,0,0,0,0,0,False,False
1,459,0,0,0,0,0,0,0,0,0,0,0,0,0,0,0,0,0,0,0,0,0,0,False,False
1,460,72,0,0,0,1,0,0,0,0,0,0,0,0,0,2,26,9,0,0,0,49,3,True,False
1,461,0,0,0,0,0,0,0,0,0,0,0,0,0,0,0,0,0,0,0,0,0,0,False,False
1,462,0,0,0,0,0,0,0,0,0,0,0,0,0,0,0,0,0,0,0,0,0,0,False,False
1,463,90,0,0,0,1,0,0,0,0,0,2,0,0,0,0,12,5,0,0,0,66,3,True,False
1,464,72,1,0,0,1,0,0,0,0,0,0,0,1,0,1,28,7,1,1,0,60,11,True,False
1,465,90,0,1,0,1,0,0,0,1,0,0,3,0,0,1,43,13,0,1,0,89,11,True,True
1,466,90,0,0,0,1,0,0,0,0,0,0,0,0,0,0,38,5,0,0,0,62,2,True,False
1,467,17,0,0,0,0,0,0,0,0,0,0,0,0,0,0,5,3,0,0,0,0,1,True,False
1,468,90,0,0,0,1,0,0,0,0,0,0,1,0,0,1,32,11,0,0,1,74,4,True,False
1,469,0,0,0,0,0,0,0,0,0,0,0,0,0,0,0,0,0,0,0,0,0,0,False,False
1,470,90,1,1,0,1,0,0,0,0,0,0,2,0,1,0,20,1,1,2,1,83,14,True,False
1,471,72,0,0,0,1,0,0,0,0,0,0,0,0,0,1,11,2,1,0,0,41,2,True,False
1,472,17,0,0,0,0,0,0,0,0,0,0,0,0,0,3,3,3,1,0,0,0,2,True,False
1,473,72,0,0,0,1,0,0,0,0,0,0,0,0,0,0,31,6,0,1,0,42,3,True,False
1,474,0,0,0,0,0,0,0,0,0,0,0,0,0,0,0,0,0,0,0,0,0,0,False,False
1,475,10,1,0,0,0,0,0,0,0,0,0,0,0,0,0,5,1,1,0,0,0,6,True,False
1,476,17,0,0,0,0,0,0,0,0,0,0,0,0,0,0,4,0,1,0,0,0,1,True,False
1,477,79,0,0,0,1,0,0,0,0,0,0,0,0,0,0,24,7,0,0,0,44,3,True,False
1,478,0,0,0,0,0,0,0,0,0,0,0,0,0,0,0,0,0,0,0,0,0,0,False,False
1,479,0,0,0,0,0,0,0,0,0,0,0,0,0,0,0,0,0,0,0,0,0,0,False,False
1,480,0,0,0,0,0,0,0,0,0,0,0,0,0,0,0,0,0,0,0,0,0,0,False,False
1,481,0,0,0,0,0,0,0,0,0,0,0,0,0,0,0,0,0,0,0,0,0,0,False,False
1,482,0,0,0,0,0,0,0,0,0,0,0,0,0,0,0,0,0,0,0,0,0,0,False,False
1,483,0,0,0,0,0,0,0,0,0,0,0,0,0,0,0,0,0,0,0,0,0,0,False,False
1,484,90,0,0,0,1,0,0,0,0,0,0,0,0,0,0,43,8,0,0,0,54,4,True,False
1,485,0,0,0,0,0,0,0,0,0,0,0,0,0,0,0,0,0,0,0,0,0,0,False,False
1,486,0,0,0,0,0,0,0,0,0,0,0,0,0,0,0,0,0,0,0,0,0,0,False,False
1,487,0,0,0,0,0,0,0,0,0,0,0,0,0,0,0,0,0,0,0,0,0,0,False,False
1,488,17,0,1,0,0,0,0,0,0,0,0,0,0,0,0,14,4,0,1,1,0,4,True,False
1,489,0,0,0,0,0,0,0,0,0,0,0,0,0,0,0,0,0,0,0,0,0,0,False,False
1,490,0,0,0,0,0,0,0,0,0,0,0,0,0,0,0,0,0,0,0,0,0,0,False,False
1,491,0,0,0,0,0,0,0,0,0,0,0,0,0,0,0,0,0,0,0,0,0,0,False,False
1,492,0,0,0,0,0,0,0,0,0,0,0,0,0,0,0,0,0,0,0,0,0,0,False,False
1,493,0,0,0,0,0,0,0,0,0,0,0,0,0,0,0,0,0,0,0,0,0,0,False,False
1,494,0,0,0,0,0,0,0,0,0,0,0,0,0,0,0,0,0,0,0,0,0,0,False,False
1,495,0,0,0,0,0,0,0,0,0,0,0,0,0,0,0,0,0,0,0,0,0,0,False,False
1,496,90,0,0,0,1,0,0,0,0,0,0,0,0,0,0,41,7,0,0,0,50,4,True,False
1,497,0,0,0,0,0,0,0,0,0,0,0,0,0,0,0,0,0,0,0,0,0,0,False,False
1,498,90,0,0,0,1,0,1,0,0,0,3,0,0,0,0,18,6,0,0,0,80,8,True,False
1,499,63,0,0,0,1,0,0,0,0,0,0,0,0,0,3,19,4,0,0,0,33,3,True,False
1,500,90,0,0,0,1,0,0,0,0,0,0,0,0,0,0,36,8,0,0,1,59,3,True,False
1,501,0,0,0,0,0,0,0,0,0,0,0,0,0,0,0,0,0,0,0,0,0,0,False,False
1,502,0,0,0,0,0,0,0,0,0,0,0,0,0,0,0,0,0,0,0,0,0,0,False,False
1,503,4,0,0,0,0,0,0,0,0,0,0,0,0,0,0,9,1,0,0,0,0,1,True,False
1,504,0,0,0,0,0,0,0,0,0,0,0,0,0,0,0,0,0,0,0,0,0,0,False,False
1,505,0,0,0,0,0,0,0,0,0,0,0,0,0,0,0,0,0,0,0,0,0,0,False,False
1,506,0,0,0,0,0,0,0,0,0,0,0,0,0,0,0,0,0,0,0,0,0,0,False,False
1,507,0,0,0,0,0,0,0,0,0,0,0,0,0,0,0,0,0,0,0,0,0,0,False,False
1,508,0,0,0,0,0,0,0,0,0,0,0,0,0,0,0,0,0,0,0,0,0,0,False,False
1,509,0,0,0,0,0,0,0,0,0,0,0,0,0,0,0,0,0,0,0,0,0,0,False,False
1,510,0,0,0,0,0,0,0,0,0,0,0,0,0,0,0,0,0,0,0,0,0,0,False,False
1,511,0,0,0,0,0,0,0,0,0,0,0,0,0,0,0,0,0,0,0,0,0,0,False,False
1,512,26,0,0,0,0,0,0,0,0,0,0,0,0,0,0,18,5,0,0,0,0,1,True,False
1,513,90,0,0,0,1,0,0,0,0,0,0,0,0,0,2,55,6,1,0,0,62,4,True,False
1,514,0,0,0,0,0,0,0,0,0,0,0,0,0,0,0,0,0,0,0,0,0,0,False,False
1,515,90,0,0,0,1,0,0,0,0,0,0,0,0,0,1,33,3,0,0,0,53,2,True,False
1,516,85,0,1,0,1,0,0,0,0,0,0,2,0,0,1,37,11,0,1,0,82,9,True,False
1,517,90,0,0,0,1,0,0,0,0,0,0,0,0,0,1,31,9,0,0,0,37,3,True,False
1,518,17,0,0,0,0,0,0,0,0,0,0,0,0,0,0,6,1,0,0,0,0,1,True,False
1,519,90,0,0,0,1,0,0,0,1,0,0,0,0,0,2,28,4,1,1,1,50,1,True,False
1,520,90,0,0,0,1,0,0,0,0,0,0,0,0,0,0,43,15,0,0,0,58,5,True,False
1,521,0,0,0,0,0,0,0,0,0,0,0,0,0,0,0,0,0,0,0,0,0,0,False,False
1,522,0,0,0,0,0,0,0,0,0,0,0,0,0,0,0,0,0,0,0,0,0,0,False,False
1,523,90,0,0,0,1,0,0,0,0,0,0,0,0,0,0,33,4,0,1,0,55,3,True,False
1,524,0,0,0,0,0,0,0,0,0,0,0,0,0,0,0,0,0,0,0,0,0,0,False,False
1,525,0,0,0,0,0,0,0,0,0,0,0,0,0,0,0,0,0,0,0,0,0,0,False,False
1,526,0,0,0,0,0,0,0,0,0,0,0,0,0,0,0,0,0,0,0,0,0,0,False,False
1,527,0,0,0,0,0,0,0,0,0,0,0,0,0,0,0,0,0,0,0,0,0,0,False,False
1,528,0,0,0,0,0,0,0,0,0,0,0,0,0,0,0,0,0,0,0,0,0,0,False,False
1,529,0,0,0,0,0,0,0,0,0,0,0,0,0,0,0,0,0,0,0,0,0,0,False,False
1,530,90,0,0,0,1,0,0,0,0,0,5,0,0,0,0,14,9,0,0,0,65,4,True,False
1,531,9,0,0,0,1,0,0,0,0,0,0,0,0,0,0,0,0,0,0,0,0,1,True,False
1,532,80,0,0,0,1,0,0,0,0,0,0,0,0,0,0,46,2,0,0,0,61,3,True,False
1,533,0,0,0,0,0,0,0,0,0,0,0,0,0,0,0,0,0,0,0,0,0,0,False,False
1,534,0,0,0,0,0,0,0,0,0,0,0,0,0,0,0,0,0,0,0,0,0,0,False,False
1,535,0,0,0,0,0,0,0,0,0,0,0,0,0,0,0,0,0,0,0,0,0,0,False,False
1,536,90,0,0,0,1,0,0,0,0,0,0,0,0,0,2,38,8,1,0,0,79,3,True,False
1,537,9,0,0,0,0,0,0,0,0,0,0,0,0,0,1,1,2,0,0,0,0,1,True,False
1,538,0,0,0,0,0,0,0,0,0,0,0,0,0,0,0,0,0,0,0,0,0,0,False,False
1,539,0,0,0,0,0,0,0,0,0,0,0,0,0,0,0,0,0,0,0,0,0,0,False,False
1,540,30,0,0,0,1,0,0,0,0,0,0,0,0,0,2,11,3,0,0,0,0,2,True,False
1,541,0,0,0,0,0,0,0,0,0,0,0,0,0,0,0,0,0,0,0,0,0,0,False,False
1,542,0,0,0,0,0,0,0,0,0,0,0,0,0,0,0,0,0,0,0,0,0,0,False,False
1,543,0,0,0,0,0,0,0,0,0,0,0,0,0,0,0,0,0,0,0,0,0,0,False,False
1,544,0,0,0,0,0,0,0,0,0,0,0,0,0,0,0,0,0,0,0,0,0,0,False,False
1,545,0,0,0,0,0,0,0,0,0,0,0,0,0,0,0,0,0,0,0,0,0,0,False,False
1,546,0,0,0,0,0,0,0,0,0,0,0,0,0,0,0,0,0,0,0,0,0,0,False,False
1,547,0,0,0,0,0,0,0,0,0,0,0,0,0,0,0,0,0,0,0,0,0,0,False,False
1,548,61,0,0,0,1,0,0,0,0,1,0,0,0,0,2,58,5,0,0,0,66,0,True,False
1,549,90,0,0,0,1,0,0,0,0,0,0,0,0,0,0,70,8,0,0,0,65,4,True,False
1,550,90,0,0,0,1,0,0,0,0,0,0,0,0,0,0,48,16,0,0,0,57,5,True,False
1,551,86,1,0,0,1,0,0,0,0,0,0,1,0,0,0,59,4,1,0,0,83,9,True,False
1,552,0,0,0,0,0,0,0,0,0,0,0,0,0,0,0,0,0,0,0,0,0,0,False,False
1,553,80,0,1,0,1,0,0,0,0,0,0,2,0,0,1,38,2,1,1,0,86,7,True,False
1,554,59,1,1,0,0,0,0,0,0,0,0,3,1,1,0,38,0,1,1,0,87,14,True,True
1,555,90,0,0,0,1,0,0,0,0,0,5,0,0,0,0,8,20,0,0,0,45,6,True,False
1,556,0,0,0,0,0,0,0,0,0,0,0,0,0,0,0,0,0,0,0,0,0,0,False,False
1,557,0,0,0,0,0,0,0,0,0,0,0,0,0,0,0,0,0,0,0,0,0,0,False,False
1,558,90,0,0,0,1,0,0,0,0,0,0,0,0,0,1,26,8,0,0,0,48,3,True,False
1,559,0,0,0,0,0,0,0,0,0,0,0,0,0,0,0,0,0,0,0,0,0,0,False,False
1,560,0,0,0,0,0,0,0,0,0,0,0,0,0,0,0,0,0,0,0,0,0,0,False,False
1,561,0,0,0,0,0,0,0,0,0,0,0,0,0,0,0,0,0,0,0,0,0,0,False,False
1,562,90,0,0,0,1,0,0,0,0,0,0,0,0,0,1,29,12,0,0,0,68,4,True,False
1,563,1,0,0,0,0,0,0,0,0,0,0,0,0,0,0,0,0,0,0,0,0,1,True,False
1,564,8,0,0,0,0,0,0,0,0,0,0,0,0,0,0,1,1,0,0,0,0,1,True,False
1,565,0,0,0,0,0,0,0,0,0,0,0,0,0,0,0,0,0,0,0,0,0,0,False,False
1,566,15,0,0,0,0,0,0,0,0,0,0,0,0,0,0,0,4,0,0,0,0,1,True,False
1,567,0,0,0,0,0,0,0,0,0,0,0,0,0,0,0,0,0,0,0,0,0,0,False,False
1,568,0,0,0,0,0,0,0,0,0,0,0,0,0,0,0,0,0,0,0,0,0,0,False,False
1,569,0,0,0,0,0,0,0,0,0,0,0,0,0,0,0,0,0,0,0,0,0,0,False,False
1,570,0,0,0,0,0,0,0,0,0,0,0,0,0,0,0,0,0,0,0,0,0,0,False,False
1,571,74,1,1,0,1,0,0,0,0,0,0,2,1,1,2,23,5,1,1,0,85,14,True,True
1,572,81,1,0,0,1,0,0,0,0,0,0,0,0,0,4,18,2,1,0,0,72,8,True,False
1,573,8,0,0,0,0,0,0,0,0,0,0,0,0,0,0,0,5,0,0,0,0,1,True,False
1,574,0,0,0,0,0,0,0,0,0,0,0,0,0,0,0,0,0,0,0,0,0,0,False,False
1,575,0,0,0,0,0,0,0,0,0,0,0,0,0,0,0,0,0,0,0,0,0,0,False,False
1,576,0,0,0,0,0,0,0,0,0,0,0,0,0,0,0,0,0,0,0,0,0,0,False,False
1,577,0,0,0,0,0,0,0,0,0,0,0,0,0,0,0,0,0,0,0,0,0,0,False,False
1,578,0,0,0,0,0,0,0,0,0,0,0,0,0,0,0,0,0,0,0,0,0,0,False,False
1,579,90,0,0,0,1,0,0,0,0,0,0,0,0,0,0,20,11,0,0,0,52,3,True,False
1,580,0,0,0,0,0,0,0,0,0,0,0,0,0,0,0,0,0,0,0,0,0,0,False,False
1,581,0,0,0,0,0,0,0,0,0,0,0,0,0,0,0,0,0,0,0,0,0,0,False,False
1,582,0,0,0,0,0,0,0,0,0,0,0,0,0,0,0,0,0,0,0,0,0,0,False,False
1,583,0,0,0,0,0,0,0,0,0,0,0,0,0,0,0,0,0,0,0,0,0,0,False,False
1,584,74,0,0,0,1,0,0,0,0,0,0,0,0,0,0,22,6,0,0,0,24,3,True,False
1,585,90,0,0,0,1,0,0,0,1,0,0,0,0,0,1,24,6,0,0,0,27,2,True,False
1,586,0,0,0,0,0,0,0,0,0,0,0,0,0,0,0,0,0,0,0,0,0,0,False,False
1,587,15,0,0,0,0,0,0,0,0,0,0,0,0,0,0,6,2,0,0,0,0,1,True,False
1,588,0,0,0,0,0,0,0,0,0,0,0,0,0,0,0,0,0,0,0,0,0,0,False,False
1,589,90,0,0,0,1,0,0,0,1,0,0,0,0,0,2,30,10,1,0,0,32,2,True,False
1,590,81,0,1,0,1,0,0,0,1,0,0,0,0,0,1,17,6,0,1,0,67,5,True,False
1,591,90,0,0,1,0,0,0,0,0,0,0,0,0,0,0,31,5,0,0,0,65,6,True,False
1,592,78,0,0,1,0,0,0,0,0,0,0,0,0,0,1,16,5,0,1,0,26,3,True,False
1,593,0,0,0,0,0,0,0,0,0,0,0,0,0,0,0,0,0,0,0,0,0,0,False,False
1,594,63,0,0,0,2,0,0,0,0,0,0,0,0,0,3,9,4,0,0,0,41,2,True,False
1,595,90,0,0,0,3,0,0,0,0,0,6,0,0,0,0,13,5,0,0,0,28,3,True,False
1,596,0,0,0,0,0,0,0,0,0,0,0,0,0,0,0,0,0,0,0,0,0,0,False,False
1,597,90,0,0,0,1,0,0,0,0,0,0,0,0,0,1,9,3,0,0,1,30,2,True,False
1,598,0,0,0,0,0,0,0,0,0,0,0,0,0,0,0,0,0,0,0,0,0,0,False,False
1,599,0,0,0,0,0,0,0,0,0,0,0,0,0,0,0,0,0,0,0,0,0,0,False,False
1,600,0,0,0,0,0,0,0,0,0,0,0,0,0,0,0,0,0,0,0,0,0,0,False,False
1,601,0,0,0,0,0,0,0,0,0,0,0,0,0,0,0,0,0,0,0,0,0,0,False,False
1,602,0,0,0,0,0,0,0,0,0,0,0,0,0,0,0,0,0,0,0,0,0,0,False,False
1,603,0,0,0,0,0,0,0,0,0,0,0,0,0,0,0,0,0,0,0,0,0,0,False,False
1,604,0,0,0,0,0,0,0,0,0,0,0,0,0,0,0,0,0,0,0,0,0,0,False,False
1,605,0,0,0,0,0,0,0,0,0,0,0,0,0,0,0,0,0,0,0,0,0,0,False,False
1,606,0,0,0,0,0,0,0,0,0,0,0,0,0,0,0,0,0,0,0,0,0,0,False,False
1,607,0,0,0,0,0,0,0,0,0,0,0,0,0,0,0,0,0,0,0,0,0,0,False,False
1,608,30,0,0,0,2,0,0,0,0,0,0,0,0,0,2,7,1,0,0,0,0,1,True,False
1,609,1,0,0,0,0,0,0,0,0,0,0,0,0,0,0,0,0,0,0,0,0,1,True,False
1,610,0,0,0,0,0,0,0,0,0,0,0,0,0,0,0,0,0,0,0,0,0,0,False,False
1,611,77,0,0,0,2,0,0,0,0,0,0,0,0,0,0,10,4,0,0,0,36,2,True,False
1,612,26,0,0,0,0,0,0,0,0,0,0,0,0,0,0,10,0,1,0,0,0,1,True,False
1,613,0,0,0,0,0,0,0,0,0,0,0,0,0,0,0,0,0,0,0,0,0,0,False,False
1,614,0,0,0,0,0,0,0,0,0,0,0,0,0,0,0,0,0,0,0,0,0,0,False,False
1,615,76,0,0,0,1,0,0,0,0,0,0,0,0,0,1,35,6,0,0,0,25,3,True,False
1,616,11,0,0,0,0,0,0,0,0,0,0,0,0,0,0,7,0,1,0,0,0,1,True,False
1,617,0,0,0,0,0,0,0,0,0,0,0,0,0,0,0,0,0,0,0,0,0,0,False,False
1,618,90,0,0,0,1,0,0,0,0,0,0,1,0,0,0,51,8,0,0,0,81,5,True,False
1,619,0,0,0,0,0,0,0,0,0,0,0,0,0,0,0,0,0,0,0,0,0,0,False,False
1,620,0,0,0,0,0,0,0,0,0,0,0,0,0,0,0,0,0,0,0,0,0,0,False,False
1,621,0,0,0,0,0,0,0,0,0,0,0,0,0,0,0,0,0,0,0,0,0,0,False,False
1,622,9,0,0,0,0,0,0,0,0,0,0,0,0,0,1,1,2,0,0,0,0,1,True,False
1,623,86,0,0,0,1,0,0,0,0,0,0,0,0,0,1,35,9,1,0,1,71,3,True,False
1,624,90,0,0,0,2,0,0,0,0,0,0,0,0,0,0,59,15,0,0,0,56,4,True,False
1,625,23,0,0,0,0,0,0,0,0,0,0,0,0,0,0,4,0,0,0,0,0,1,True,False
1,626,0,0,0,0,0,0,0,0,0,0,0,0,0,0,0,0,0,0,0,0,0,0,False,False
1,627,0,0,0,0,0,0,0,0,0,0,0,0,0,0,0,0,0,0,0,0,0,0,False,False
1,628,76,0,0,0,1,0,0,0,1,0,0,0,0,0,1,41,10,0,0,0,58,3,True,False
1,629,0,0,0,0,0,0,0,0,0,0,0,0,0,0,0,0,0,0,0,0,0,0,False,False
1,630,90,0,0,0,4,0,0,0,0,0,0,0,0,0,0,21,4,0,0,0,27,2,True,False
1,631,5,0,0,0,4,0,0,0,0,1,0,0,0,0,0,1,0,0,0,0,0,-4,True,False
1,632,90,1,1,0,4,0,0,0,0,0,0,0,0,0,0,21,11,1,1,0,70,11,True,False
1,633,79,0,0,0,3,0,0,0,0,0,0,0,0,0,0,9,6,1,0,0,22,3,True,False
1,634,0,0,0,0,0,0,0,0,0,0,0,0,0,0,0,0,0,0,0,0,0,0,False,False
1,635,70,0,0,0,3,0,0,0,0,0,0,0,0,0,2,48,5,0,0,0,21,3,True,False
1,636,14,0,0,0,1,0,0,0,0,0,0,0,0,0,1,4,2,0,0,0,0,1,True,False
1,637,0,0,0,0,0,0,0,0,0,0,0,0,0,0,0,0,0,0,0,0,0,0,False,False
1,638,6,0,0,0,1,0,0,0,0,0,0,0,0,0,0,5,1,0,0,0,0,1,True,False
1,639,26,1,0,0,0,0,0,0,0,0,0,0,0,1,0,8,1,1,1,0,0,7,True,False
1,640,0,0,0,0,0,0,0,0,0,0,0,0,0,0,0,0,0,0,0,0,0,0,False,False
1,641,90,0,0,0,4,0,0,0,0,0,0,0,0,0,1,13,10,0,0,0,0,1,True,False
1,642,0,0,0,0,0,0,0,0,0,0,0,0,0,0,0,0,0,0,0,0,0,0,False,False
1,643,0,0,0,0,0,0,0,0,0,0,0,0,0,0,0,0,0,0,0,0,0,0,False,False
1,644,0,0,0,0,0,0,0,0,0,0,0,0,0,0,0,0,0,0,0,0,0,0,False,False
1,645,0,0,0,0,0,0,0,0,0,0,0,0,0,0,0,0,0,0,0,0,0,0,False,False
1,646,0,0,0,0,0,0,0,0,0,0,0,0,0,0,0,0,0,0,0,0,0,0,False,False
1,647,0,0,0,0,0,0,0,0,0,0,0,0,0,0,0,0,0,0,0,0,0,0,False,False
1,648,24,1,0,0,0,0,0,0,0,0,0,0,0,0,0,27,2,1,0,0,0,6,True,False
1,649,72,1,0,0,1,0,0,0,0,0,0,3,0,0,1,14,7,3,0,1,84,12,True,True
1,650,0,0,0,0,0,0,0,0,0,0,0,0,0,0,0,0,0,0,0,0,0,0,False,False
1,651,45,0,0,0,1,0,0,0,0,0,0,0,0,0,0,7,1,0,0,0,0,1,True,False
1,652,0,0,0,0,0,0,0,0,0,0,0,0,0,0,0,0,0,0,0,0,0,0,False,False
1,653,1,0,0,0,0,0,0,0,0,0,0,0,0,0,0,2,0,0,0,0,0,1,True,False
2,1,65,0,0,0,4,0,0,0,0,0,0,0,0,0,1,42,7,0,0,0,14,4,True,False
2,2,0,0,0,0,0,0,0,0,0,0,0,0,0,0,0,0,0,0,0,0,0,0,False,False
2,3,0,0,0,0,0,0,0,0,0,0,0,0,0,0,0,0,0,0,0,0,0,0,False,False
2,4,90,0,0,0,4,0,0,0,0,0,3,0,0,0,0,20,7,0,0,0,24,0,True,False
2,5,90,0,0,0,4,0,0,0,0,0,0,0,0,0,0,44,14,0,0,0,14,3,True,False
2,6,90,0,0,0,4,0,0,0,0,0,0,0,0,0,0,46,6,2,0,2,59,2,True,False
2,7,75,0,0,0,4,0,0,0,0,0,0,0,0,0,0,34,2,1,2,1,39,3,True,False
2,8,0,0,0,0,0,0,0,0,0,0,0,0,0,0,0,0,0,0,0,0,0,0,False,False
2,9,14,0,0,0,0,0,0,0,1,0,0,0,0,0,0,6,1,0,0,0,0,0,True,False
2,10,66,0,0,0,4,0,0,0,0,0,0,0,0,0,0,22,3,0,0,0,25,2,True,False
2,11,0,0,0,0,0,0,0,0,0,0,0,0,0,0,0,0,0,0,0,0,0,0,False,False
2,12,0,0,0,0,0,0,0,0,0,0,0,0,0,0,0,0,0,0,0,0,0,0,False,False
2,13,90,0,0,0,4,0,0,0,0,0,0,0,0,0,4,29,10,0,0,0,25,2,True,False
2,14,0,0,0,0,0,0,0,0,0,0,0,0,0,0,0,0,0,0,0,0,0,0,False,False
2,15,0,0,0,0,0,0,0,0,0,0,0,0,0,0,0,0,0,0,0,0,0,0,False,False
2,16,0,0,0,0,0,0,0,0,0,0,0,0,0,0,0,0,0,0,0,0,0,0,False,False
2,17,0,0,0,0,0,0,0,0,0,0,0,0,0,0,0,0,0,0,0,0,0,0,False,False
2,18,45,0,0,0,2,0,0,0,0,0,0,0,0,0,0,8,3,0,0,0,0,1,True,False
2,19,0,0,0,0,0,0,0,0,0,0,0,0,0,0,0,0,0,0,0,0,0,0,False,False
2,20,90,0,0,0,2,0,0,0,0,0,1,0,0,0,0,31,2,0,0,0,36,1,True,False
2,21,0,0,0,0,0,0,0,0,0,0,0,0,0,0,0,0,0,0,0,0,0,0,False,False
2,22,90,0,0,0,2,0,0,0,0,0,0,0,0,0,2,86,9,0,0,0,65,4,True,False
2,23,0,0,0,0,0,0,0,0,0,0,0,0,0,0,0,0,0,0,0,0,0,0,False,False
2,24,90,0,0,0,2,0,0,0,0,0,0,0,0,0,1,9,2,1,0,1,51,2,True,False
2,25,90,0,0,0,2,0,0,0,1,0,0,0,0,0,1,26,3,0,0,0,21,1,True,False
2,26,90,0,0,0,2,0,0,0,0,0,0,0,0,0,0,27,9,1,1,0,44,3,True,False
2,27,0,0,0,0,0,0,0,0,0,0,0,0,0,0,0,0,0,0,0,0,0,0,False,False
2,28,90,0,0,0,2,0,0,0,0,0,0,0,0,0,1,64,7,1,0,0,56,3,True,False
2,29,0,0,0,0,0,0,0,0,0,0,0,0,0,0,0,0,0,0,0,0,0,0,False,False
2,30,0,0,0,0,0,0,0,0,0,0,0,0,0,0,0,0,0,0,0,0,0,0,False,False
2,31,0,0,0,0,0,0,0,0,0,0,0,0,0,0,0,0,0,0,0,0,0,0,False,False
2,32,26,0,0,0,0,0,0,0,0,0,0,0,0,0,0,5,2,0,0,0,0,1,True,False
2,33,90,0,0,0,2,0,0,0,0,0,0,0,0,0,2,37,5,0,0,0,71,1,True,False
2,34,0,0,0,0,0,0,0,0,0,0,0,0,0,0,0,0,0,0,0,0,0,0,False,False
2,35,0,0,0,0,0,0,0,0,0,0,0,0,0,0,0,0,0,0,0,0,0,0,False,False
2,36,0,0,0,0,0,0,0,0,0,0,0,0,0,0,0,0,0,0,0,0,0,0,False,False
2,37,0,0,0,0,0,0,0,0,0,0,0,0,0,0,0,0,0,0,0,0,0,0,False,False
2,38,0,0,0,0,0,0,0,0,0,0,0,0,0,0,0,0,0,0,0,0,0,0,False,False
2,39,0,0,0,0,0,0,0,0,0,0,0,0,0,0,0,0,0,0,0,0,0,0,False,False
2,40,81,0,0,0,2,0,0,0,0,0,0,0,0,0,0,24,5,0,0,0,39,1,True,False
2,41,0,0,0,0,0,0,0,0,0,0,0,0,0,0,0,0,0,0,0,0,0,0,False,False
2,42,0,0,0,0,0,0,0,0,0,0,0,0,0,0,0,0,0,0,0,0,0,0,False,False
2,43,0,0,0,0,0,0,0,0,0,0,0,0,0,0,0,0,0,0,0,0,0,0,False,False
2,44,0,0,0,0,0,0,0,0,0,0,0,0,0,0,0,0,0,0,0,0,0,0,False,False
2,45,0,0,0,0,0,0,0,0,0,0,0,0,0,0,0,0,0,0,0,0,0,0,False,False
2,46,0,0,0,0,0,0,0,0,0,0,0,0,0,0,0,0,0,0,0,0,0,0,False,False
2,47,90,0,0,0,2,0,0,0,1,0,0,0,0,0,0,18,3,0,0,0,26,1,True,False
2,48,78,1,0,1,0,0,0,0,0,0,0,0,1,1,3,29,7,1,0,0,76,12,True,False
2,49,27,0,0,0,0,0,0,0,1,0,0,0,0,0,1,8,4,0,0,0,0,0,True,False
2,50,0,0,0,0,0,0,0,0,0,0,0,0,0,0,0,0,0,0,0,0,0,0,False,False
2,51,90,0,0,1,0,0,0,0,0,0,2,2,0,0,0,13,16,0,0,0,86,11,True,False
2,52,0,0,0,0,0,0,0,0,0,0,0,0,0,0,0,0,0,0,0,0,0,0,False,False
2,53,90,0,0,1,0,0,0,0,0,0,0,0,0,0,2,14,7,0,1,0,77,4,True,False
2,54,0,0,0,0,0,0,0,0,0,0,0,0,0,0,0,0,0,0,0,0,0,0,False,False
2,55,1,0,0,0,0,0,0,0,0,0,0,0,0,0,0,2,1,0,0,0,0,1,True,False
2,56,90,0,0,1,0,0,0,0,0,0,0,0,0,0,1,31,9,0,0,0,54,7,True,False
2,57,1,0,0,0,0,0,0,0,0,0,0,0,0,0,1,0,0,1,0,0,0,1,True,False
2,58,0,0,0,0,0,0,0,0,0,0,0,0,0,0,0,0,0,0,0,0,0,0,False,False
2,59,11,0,0,0,0,0,0,0,0,0,0,0,0,0,0,4,1,0,0,0,0,1,True,False
2,60,0,0,0,0,0,0,0,0,0,0,0,0,0,0,0,0,0,0,0,0,0,0,False,False
2,61,0,0,0,0,0,0,0,0,0,0,0,0,0,0,0,0,0,0,0,0,0,0,False,False
2,62,89,0,0,1,0,0,0,0,0,0,0,0,0,0,0,12,3,2,0,1,63,2,True,False
2,63,62,0,0,1,0,0,0,0,0,0,0,0,0,0,2,27,13,0,1,0,73,5,True,False
2,64,0,0,0,0,0,0,0,0,0,0,0,0,0,0,0,0,0,0,0,0,0,0,False,False
2,65,89,0,1,1,0,0,0,0,0,0,0,0,0,0,0,31,3,1,1,1,70,6,True,False
2,66,0,0,0,0,0,0,0,0,0,0,0,0,0,0,0,0,0,0,0,0,0,0,False,False
2,67,0,0,0,0,0,0,0,0,0,0,0,0,0,0,0,0,0,0,0,0,0,0,False,False
2,68,0,0,0,0,0,0,0,0,0,0,0,0,0,0,0,0,0,0,0,0,0,0,False,False
2,69,90,0,0,1,0,0,0,0,0,0,0,0,0,0,1,35,6,0,0,0,66,7,True,False
2,70,0,0,0,0,0,0,0,0,0,0,0,0,0,0,0,0,0,0,0,0,0,0,False,False
2,71,0,0,0,0,0,0,0,0,0,0,0,0,0,0,0,0,0,0,0,0,0,0,False,False
2,72,0,0,0,0,0,0,0,0,0,0,0,0,0,0,0,0,0,0,0,0,0,0,False,False
2,73,0,0,0,0,0,0,0,0,0,0,0,0,0,0,0,0,0,0,0,0,0,0,False,False
2,74,65,3,0,1,0,0,0,0,0,0,0,3,1,1,0,9,1,3,1,1,100,23,True,True
2,75,90,1,1,1,0,0,0,0,0,0,0,2,0,0,0,35,5,1,1,0,95,13,True,True
2,76,65,0,1,1,0,0,0,0,0,0,0,0,0,0,0,18,6,1,0,1,90,7,True,False
2,77,65,0,1,1,0,0,0,0,1,0,0,0,0,0,0,25,7,0,2,0,87,7,True,False
2,78,90,0,0,1,0,0,0,0,0,0,0,0,0,0,2,56,14,0,0,0,63,9,True,False
2,79,0,0,0,0,0,0,0,0,0,0,0,0,0,0,0,0,0,0,0,0,0,0,False,False
2,80,24,0,0,0,0,0,0,0,0,0,0,0,0,0,0,3,0,0,0,0,0,1,True,False
2,81,90,0,0,1,0,0,0,0,0,0,3,1,0,0,0,30,7,0,0,0,92,9,True,False
2,82,0,0,0,0,0,0,0,0,0,0,0,0,0,0,0,0,0,0,0,0,0,0,False,False
2,83,90,0,0,1,0,0,0,0,0,0,0,0,0,0,1,52,6,0,0,0,69,8,True,False
2,84,24,0,0,0,0,0,0,0,0,0,0,0,0,0,0,7,5,1,0,1,0,1,True,False
2,85,83,0,0,1,0,0,0,0,0,0,0,0,0,0,1,29,7,1,0,0,76,4,True,False
2,86,6,0,0,0,0,0,0,0,0,0,0,0,0,0,0,4,0,0,0,0,0,1,True,False
2,87,45,0,0,0,0,0,0,0,0,0,0,0,0,0,2,17,2,0,0,0,50,1,True,False
2,88,90,0,0,1,0,0,0,0,1,0,0,0,0,0,1,33,12,0,0,0,74,4,True,False
2,89,45,0,0,0,0,0,0,0,0,0,0,0,0,0,1,18,4,0,0,0,0,1,True,False
2,90,11,0,0,0,0,0,0,0,0,0,0,0,0,0,1,5,0,0,0,0,0,1,True,False
2,91,0,0,0,0,0,0,0,0,0,0,0,0,0,0,0,0,0,0,0,0,0,0,False,False
2,92,46,0,0,0,2,0,0,0,0,0,0,0,0,0,0,13,2,0,0,0,16,1,True,False
2,93,0,0,0,0,0,0,0,0,0,0,0,0,0,0,0,0,0,0,0,0,0,0,False,False
2,94,17,0,0,0,0,0,0,0,0,0,0,0,0,0,2,15,0,0,0,0,0,1,True,False
2,95,0,0,0,0,0,0,0,0,0,0,0,0,0,0,0,0,0,0,0,0,0,0,False,False
2,96,0,0,0,0,0,0,0,0,0,0,0,0,0,0,0,0,0,0,0,0,0,0,False,False
2,97,24,0,0,0,0,0,0,0,0,0,0,0,0,0,0,5,1,0,0,1,0,1,True,False
2,98,0,0,0,0,0,0,0,0,0,0,0,0,0,0,0,0,0,0,0,0,0,0,False,False
2,99,0,0,0,0,0,0,0,0,0,0,0,0,0,0,0,0,0,0,0,0,0,0,False,False
2,100,0,0,0,0,0,0,0,0,0,0,0,0,0,0,0,0,0,0,0,0,0,0,False,False
2,101,90,0,0,1,0,0,0,0,0,0,0,0,0,0,2,30,3,0,1,0,61,7,True,False
2,102,0,0,0,0,0,0,0,0,0,0,0,0,0,0,0,0,0,0,0,0,0,0,False,False
2,103,0,0,0,0,0,0,0,0,0,0,0,0,0,0,0,0,0,0,0,0,0,0,False,False
2,104,0,0,0,0,0,0,0,0,0,0,0,0,0,0,0,0,0,0,0,0,0,0,False,False
2,105,2,0,0,0,1,0,0,0,1,0,0,0,0,0,0,2,0,0,0,0,0,0,True,False
2,106,0,0,0,0,0,0,0,0,0,0,0,0,0,0,0,0,0,0,0,0,0,0,False,False
2,107,0,0,0,0,0,0,0,0,0,0,0,0,0,0,0,0,0,0,0,0,0,0,False,False
2,108,0,0,0,0,0,0,0,0,0,0,0,0,0,0,0,0,0,0,0,0,0,0,False,False
2,109,0,0,0,0,0,0,0,0,0,0,0,0,0,0,0,0,0,0,0,0,0,0,False,False
2,110,0,0,0,0,0,0,0,0,0,0,0,0,0,0,0,0,0,0,0,0,0,0,False,False
2,111,0,0,0,0,0,0,0,0,0,0,0,0,0,0,0,0,0,0,0,0,0,0,False,False
2,112,0,0,0,0,0,0,0,0,0,0,0,0,0,0,0,0,0,0,0,0,0,0,False,False
2,113,0,0,0,0,0,0,0,0,0,0,0,0,0,0,0,0,0,0,0,0,0,0,False,False
2,114,0,0,0,0,0,0,0,0,0,0,0,0,0,0,0,0,0,0,0,0,0,0,False,False
2,115,0,0,0,0,0,0,0,0,0,0,0,0,0,0,0,0,0,0,0,0,0,0,False,False
2,116,0,0,0,0,0,0,0,0,0,0,0,0,0,0,0,0,0,0,0,0,0,0,False,False
2,117,0,0,0,0,0,0,0,0,0,0,0,0,0,0,0,0,0,0,0,0,0,0,False,False
2,118,0,0,0,0,0,0,0,0,0,0,0,0,0,0,0,0,0,0,0,0,0,0,False,False
2,119,0,0,0,0,0,0,0,0,0,0,0,0,0,0,0,0,0,0,0,0,0,0,False,False
2,120,0,0,0,0,0,0,0,0,0,0,0,0,0,0,0,0,0,0,0,0,0,0,False,False
2,121,0,0,0,0,0,0,0,0,0,0,0,0,0,0,0,0,0,0,0,0,0,0,False,False
2,122,78,0,0,0,1,0,0,0,0,0,0,0,0,0,3,15,8,0,0,0,50,4,True,False
2,123,0,0,0,0,0,0,0,0,0,0,0,0,0,0,0,0,0,0,0,0,0,0,False,False
2,124,85,0,0,0,1,0,0,0,0,0,0,0,0,0,4,25,5,0,0,0,36,3,True,False
2,125,0,0,0,0,0,0,0,0,0,0,0,0,0,0,0,0,0,0,0,0,0,0,False,False
2,126,0,0,0,0,0,0,0,0,0,0,0,0,0,0,0,0,0,0,0,0,0,0,False,False
2,127,59,0,0,0,0,0,0,0,0,0,0,0,0,0,0,10,3,0,0,0,35,1,True,False
2,128,0,0,0,0,0,0,0,0,0,0,0,0,0,0,0,0,0,0,0,0,0,0,False,False
2,129,0,0,0,0,0,0,0,0,0,0,0,0,0,0,0,0,0,0,0,0,0,0,False,False
2,130,0,0,0,0,0,0,0,0,0,0,0,0,0,0,0,0,0,0,0,0,0,0,False,False
2,131,0,0,0,0,0,0,0,0,0,0,0,0,0,0,0,0,0,0,0,0,0,0,False,False
2,132,0,0,0,0,0,0,0,0,0,0,0,0,0,0,0,0,0,0,0,0,0,0,False,False
2,133,4,0,0,0,0,0,0,0,0,0,0,0,0,0,0,2,0,0,0,0,0,1,True,False
2,134,0,0,0,0,0,0,0,0,0,0,0,0,0,0,0,0,0,0,0,0,0,0,False,False
2,135,90,0,0,0,1,0,0,0,0,0,0,0,0,0,0,42,6,0,0,0,37,4,True,False
2,136,90,0,0,0,1,0,0,0,0,0,0,0,0,0,0,51,20,1,0,1,74,6,True,False
2,137,11,0,0,0,0,0,0,0,0,0,0,0,0,0,0,5,1,0,0,0,0,1,True,False
2,138,85,0,0,0,1,0,0,0,0,0,0,0,0,0,2,27,4,0,0,0,29,2,True,False
2,139,90,0,0,0,1,0,0,0,0,0,0,0,0,0,2,32,16,0,0,0,25,4,True,False
2,140,0,0,0,0,0,0,0,0,0,0,0,0,0,0,0,0,0,0,0,0,0,0,False,False
2,141,0,0,0,0,0,0,0,0,0,0,0,0,0,0,0,0,0,0,0,0,0,0,False,False
2,142,90,0,0,0,1,0,0,0,0,0,0,0,0,0,0,16,2,3,0,1,41,3,True,False
2,143,0,0,0,0,0,0,0,0,0,0,0,0,0,0,0,0,0,0,0,0,0,0,False,False
2,144,45,0,0,0,1,0,0,0,0,0,0,0,0,0,0,10,4,0,0,0,29,1,True,False
2,145,0,0,0,0,0,0,0,0,0,0,0,0,0,0,0,0,0,0,0,0,0,0,False,False
2,146,5,0,0,0,1,0,0,0,0,0,0,0,0,0,1,4,3,0,0,0,0,1,True,False
2,147,84,0,0,0,2,0,0,0,0,0,0,0,0,0,1,35,14,0,0,0,15,4,True,False
2,148,0,0,0,0,0,0,0,0,0,0,0,0,0,0,0,0,0,0,0,0,0,0,False,False
2,149,0,0,0,0,0,0,0,0,0,0,0,0,0,0,0,0,0,0,0,0,0,0,False,False
2,150,0,0,0,0,0,0,0,0,0,0,0,0,0,0,0,0,0,0,0,0,0,0,False,False
2,151,90,0,0,0,3,0,0,0,0,0,0,0,0,0,0,36,3,1,0,0,14,2,True,False
2,152,0,0,0,0,0,0,0,0,0,0,0,0,0,0,0,0,0,0,0,0,0,0,False,False
2,153,90,0,0,0,3,0,0,0,1,0,0,0,0,0,0,18,0,1,0,0,15,1,True,False
2,154,0,0,0,0,0,0,0,0,0,0,0,0,0,0,0,0,0,0,0,0,0,0,False,False
2,155,0,0,0,0,0,0,0,0,0,0,0,0,0,0,0,0,0,0,0,0,0,0,False,False
2,156,5,0,0,0,1,0,0,0,0,0,0,0,0,0,0,6,1,0,0,0,0,1,True,False
2,157,84,0,0,0,2,0,0,0,0,0,0,0,0,0,2,22,3,0,0,0,16,1,True,False
2,158,0,0,0,0,0,0,0,0,0,0,0,0,0,0,0,0,0,0,0,0,0,0,False,False
2,159,90,0,0,0,3,0,0,0,0,0,0,0,0,0,0,36,12,0,0,0,12,3,True,False
2,160,45,0,0,0,1,0,0,0,0,0,0,0,0,0,0,12,7,0,0,0,66,2,True,False
2,161,90,0,0,0,3,0,0,0,0,0,7,0,0,0,0,18,15,0,0,0,56,4,True,False
2,162,0,0,0,0,0,0,0,0,0,0,0,0,0,0,0,0,0,0,0,0,0,0,False,False
2,163,0,0,0,0,0,0,0,0,0,0,0,0,0,0,0,0,0,0,0,0,0,0,False,False
2,164,90,0,0,0,3,0,0,0,0,0,0,0,0,0,1,27,9,0,0,0,12,3,True,False
2,165,0,0,0,0,0,0,0,0,0,0,0,0,0,0,0,0,0,0,0,0,0,0,False,False
2,166,0,0,0,0,0,0,0,0,0,0,0,0,0,0,0,0,0,0,0,0,0,0,False,False
2,167,22,0,0,0,1,0,0,0,0,0,0,0,0,0,0,9,2,0,0,0,0,1,True,False
2,168,0,0,0,0,0,0,0,0,0,0,0,0,0,0,0,0,0,0,0,0,0,0,False,False
2,169,0,0,0,0,0,0,0,0,0,0,0,0,0,0,0,0,0,0,0,0,0,0,False,False
2,170,0,0,0,0,0,0,0,0,0,0,0,0,0,0,0,0,0,0,0,0,0,0,False,False
2,171,0,0,0,0,0,0,0,0,0,0,0,0,0,0,0,0,0,0,0,0,0,0,False,False
2,172,0,0,0,0,0,0,0,0,0,0,0,0,0,0,0,0,0,0,0,0,0,0,False,False
2,173,84,0,0,1,0,0,0,0,0,0,0,1,0,0,2,56,9,2,0,1,96,10,True,False
2,174,0,0,0,0,0,0,0,0,0,0,0,0,0,0,0,0,0,0,0,0,0,0,False,False
2,175,0,0,0,0,0,0,0,0,0,0,0,0,0,0,0,0,0,0,0,0,0,0,False,False
2,176,84,0,1,1,0,0,0,1,0,0,0,0,0,0,0,28,4,1,2,1,90,5,True,False
2,177,0,0,0,0,0,0,0,0,0,0,0,0,0,0,0,0,0,0,0,0,0,0,False,False
2,178,0,0,0,0,0,0,0,0,0,0,0,0,0,0,0,0,0,0,0,0,0,0,False,False
2,179,0,0,0,0,0,0,0,0,0,0,0,0,0,0,0,0,0,0,0,0,0,0,False,False
2,180,0,0,0,0,0,0,0,0,0,0,0,0,0,0,0,0,0,0,0,0,0,0,False,False
2,181,90,0,1,1,0,0,0,0,0,0,0,3,0,0,1,66,6,0,1,0,97,15,True,True
2,182,90,0,0,1,0,0,0,0,0,0,0,0,0,0,1,17,1,0,1,1,87,2,True,False
2,183,0,0,0,0,0,0,0,0,0,0,0,0,0,0,0,0,0,0,0,0,0,0,False,False
2,184,0,0,0,0,0,0,0,0,0,0,0,0,0,0,0,0,0,0,0,0,0,0,False,False
2,185,5,0,0,0,0,0,0,0,0,0,0,0,0,0,0,2,0,0,0,0,0,1,True,False
2,186,0,0,0,0,0,0,0,0,0,0,0,0,0,0,0,0,0,0,0,0,0,0,False,False
2,187,0,0,0,0,0,0,0,0,0,0,0,0,0,0,0,0,0,0,0,0,0,0,False,False
2,188,90,0,0,1,0,0,0,0,0,0,0,0,0,0,1,44,8,2,0,1,92,5,True,False
2,189,0,0,0,0,0,0,0,0,0,0,0,0,0,0,0,0,0,0,0,0,0,0,False,False
2,190,0,0,0,0,0,0,0,0,0,0,0,0,0,0,0,0,0,0,0,0,0,0,False,False
2,191,90,0,0,1,0,0,0,0,0,0,0,0,0,0,2,52,15,0,1,0,94,10,True,False
2,192,0,0,0,0,0,0,0,0,0,0,0,0,0,0,0,0,0,0,0,0,0,0,False,False
2,193,24,0,0,0,0,0,0,0,0,0,0,0,0,0,0,12,0,0,0,0,0,1,True,False
2,194,68,0,0,1,0,0,0,0,0,0,0,0,0,0,1,43,5,0,0,0,83,7,True,False
2,195,0,0,0,0,0,0,0,0,0,0,0,0,0,0,0,0,0,0,0,0,0,0,False,False
2,196,12,1,0,0,0,0,0,0,0,0,0,0,0,0,3,19,3,2,0,1,0,7,True,False
2,197,5,0,0,0,0,0,0,0,0,0,0,0,0,0,0,1,1,0,0,0,0,1,True,False
2,198,0,0,0,0,0,0,0,0,0,0,0,0,0,0,0,0,0,0,0,0,0,0,False,False
2,199,0,0,0,0,0,0,0,0,0,0,0,0,0,0,0,0,0,0,0,0,0,0,False,False
2,200,77,0,0,1,0,0,0,0,0,0,0,0,0,0,1,88,9,0,1,0,93,6,True,False
2,201,0,0,0,0,0,0,0,0,0,0,0,0,0,0,0,0,0,0,0,0,0,0,False,False
2,202,5,0,0,0,0,0,0,0,0,0,0,0,0,0,0,4,0,0,0,0,0,1,True,False
2,203,0,0,0,0,0,0,0,0,0,0,0,0,0,0,0,0,0,0,0,0,0,0,False,False
2,204,0,0,0,0,0,0,0,0,0,0,0,0,0,0,0,0,0,0,0,0,0,0,False,False
2,205,0,0,0,0,0,0,0,0,0,0,0,0,0,0,0,0,0,0,0,0,0,0,False,False
2,206,0,0,0,0,0,0,0,0,0,0,0,0,0,0,0,0,0,0,0,0,0,0,False,False
2,207,90,1,0,1,0,0,0,0,0,0,0,3,0,1,0,51,5,2,2,0,97,14,True,True
2,208,0,0,0,0,0,0,0,0,0,0,0,0,0,0,0,0,0,0,0,0,0,0,False,False
2,209,84,1,0,1,0,0,0,0,0,0,0,0,1,0,2,28,7,2,0,3,92,9,True,False
2,210,21,0,0,0,0,0,0,0,0,0,0,0,0,0,1,5,0,0,0,0,0,1,True,False
2,211,0,0,0,0,0,0,0,0,0,0,0,0,0,0,0,0,0,0,0,0,0,0,False,False
2,212,90,0,0,1,0,0,0,0,0,0,3,0,0,0,0,17,8,0,0,0,79,8,True,False
2,213,0,0,0,0,0,0,0,0,0,0,0,0,0,0,0,0,0,0,0,0,0,0,False,False
2,214,66,0,0,0,4,0,0,0,0,0,0,0,0,0,0,30,2,0,0,0,22,0,True,False
2,215,0,0,0,0,0,0,0,0,0,0,0,0,0,0,0,0,0,0,0,0,0,0,False,False
2,216,0,0,0,0,0,0,0,0,0,0,0,0,0,0,0,0,0,0,0,0,0,0,False,False
2,217,4,0,0,0,0,0,0,0,0,0,0,0,0,0,0,0,0,0,0,0,0,1,True,False
2,218,85,0,0,1,0,0,0,0,0,0,0,0,0,0,0,41,13,0,0,0,64,9,True,False
2,219,0,0,0,0,0,0,0,0,0,0,0,0,0,0,0,0,0,0,0,0,0,0,False,False
2,220,0,0,0,0,0,0,0,0,0,0,0,0,0,0,0,0,0,0,0,0,0,0,False,False
2,221,0,0,0,0,0,0,0,0,0,0,0,0,0,0,0,0,0,0,0,0,0,0,False,False
2,222,0,0,0,0,0,0,0,0,0,0,0,0,0,0,0,0,0,0,0,0,0,0,False,False
2,223,0,0,0,0,0,0,0,0,0,0,0,0,0,0,0,0,0,0,0,0,0,0,False,False
2,224,89,0,1,1,0,0,0,0,0,0,0,1,0,0,2,41,4,0,1,0,81,8,True,False
2,225,0,0,0,0,0,0,0,0,0,0,0,0,0,0,0,0,0,0,0,0,0,0,False,False
2,226,0,0,0,0,0,0,0,0,0,0,0,0,0,0,0,0,0,0,0,0,0,0,False,False
2,227,0,0,0,0,0,0,0,0,0,0,0,0,0,0,0,0,0,0,0,0,0,0,False,False
2,228,0,0,0,0,0,0,0,0,0,0,0,0,0,0,0,0,0,0,0,0,0,0,False,False
2,229,90,1,0,1,0,0,0,0,0,0,0,3,1,1,1,52,9,1,0,0,92,19,True,True
2,230,0,0,0,0,0,0,0,0,0,0,0,0,0,0,0,0,0,0,0,0,0,0,False,False
2,231,0,0,0,0,0,0,0,0,0,0,0,0,0,0,0,0,0,0,0,0,0,0,False,False
2,232,85,0,0,1,0,0,0,0,0,0,0,0,0,0,0,20,7,1,1,0,48,4,True,False
2,233,85,0,0,1,0,0,0,0,0,0,0,0,0,0,2,31,9,0,0,0,60,7,True,False
2,234,0,0,0,0,0,0,0,0,0,0,0,0,0,0,0,0,0,0,0,0,0,0,False,False
2,235,19,0,0,0,0,0,0,0,0,0,0,0,0,0,0,1,3,0,0,0,0,1,True,False
2,236,1,0,0,0,0,0,0,0,0,0,0,0,0,0,0,0,0,0,0,0,0,1,True,False
2,237,0,0,0,0,0,0,0,0,0,0,0,0,0,0,0,0,0,0,0,0,0,0,False,False
2,238,0,0,0,0,0,0,0,0,0,0,0,0,0,0,0,0,0,0,0,0,0,0,False,False
2,239,0,0,0,0,0,0,0,0,0,0,0,0,0,0,0,0,0,0,0,0,0,0,False,False
2,240,90,0,0,1,0,0,0,0,0,0,0,0,0,0,0,9,2,1,0,1,55,2,True,False
2,241,0,0,0,0,0,0,0,0,0,0,0,0,0,0,0,0,0,0,0,0,0,0,False,False
2,242,33,0,0,0,0,0,0,0,0,0,0,0,0,0,0,4,3,0,0,0,0,1,True,False
2,243,0,0,0,0,0,0,0,0,0,0,0,0,0,0,0,0,0,0,0,0,0,0,False,False
2,244,90,0,0,1,0,0,0,0,0,0,0,0,0,0,1,70,7,0,0,0,79,5,True,False
2,245,90,0,0,1,0,0,0,0,0,0,0,0,0,0,1,15,3,0,0,0,55,6,True,False
2,246,0,0,0,0,0,0,0,0,0,0,0,0,0,0,0,0,0,0,0,0,0,0,False,False
2,247,90,0,0,1,0,0,0,0,0,0,4,2,0,0,0,21,12,0,0,0,87,12,True,False
2,248,0,0,0,0,0,0,0,0,0,0,0,0,0,0,0,0,0,0,0,0,0,0,False,False
2,249,90,0,0,1,0,0,0,0,0,0,0,0,0,0,2,17,7,0,0,0,63,4,True,False
2,250,0,0,0,0,0,0,0,0,0,0,0,0,0,0,0,0,0,0,0,0,0,0,False,False
2,251,0,0,0,0,0,0,0,0,0,0,0,0,0,0,0,0,0,0,0,0,0,0,False,False
2,252,0,0,0,0,0,0,0,0,0,0,0,0,0,0,0,0,0,0,0,0,0,0,False,False
2,253,0,0,0,0,0,0,0,0,0,0,0,0,0,0,0,0,0,0,0,0,0,0,False,False
2,254,1,0,0,0,0,0,0,0,0,0,0,0,0,0,0,0,0,0,0,0,0,1,True,False
2,255,0,0,0,0,0,0,0,0,0,0,0,0,0,0,0,0,0,0,0,0,0,0,False,False
2,256,0,0,0,0,0,0,0,0,0,0,0,0,0,0,0,0,0,0,0,0,0,0,False,False
2,257,0,0,0,0,0,0,0,0,0,0,0,0,0,0,0,0,0,0,0,0,0,0,False,False
2,258,90,0,0,1,0,0,0,0,0,0,0,0,0,0,1,28,16,0,0,0,34,8,True,False
2,259,0,0,0,0,0,0,0,0,0,0,0,0,0,0,0,0,0,0,0,0,0,0,False,False
2,260,0,0,0,0,0,0,0,0,0,0,0,0,0,0,0,0,0,0,0,0,0,0,False,False
2,261,45,0,0,0,0,0,0,0,0,0,0,0,0,0,0,9,5,0,0,0,0,1,True,False
2,262,0,0,0,0,0,0,0,0,0,0,0,0,0,0,0,0,0,0,0,0,0,0,False,False
2,263,0,0,0,0,0,0,0,0,0,0,0,0,0,0,0,0,0,0,0,0,0,0,False,False
2,264,3,0,0,0,0,0,0,0,0,0,0,0,0,0,0,2,1,0,0,0,0,1,True,False
2,265,0,0,0,0,0,0,0,0,0,0,0,0,0,0,0,0,0,0,0,0,0,0,False,False
2,266,0,0,0,0,0,0,0,0,0,0,0,0,0,0,0,0,0,0,0,0,0,0,False,False
2,267,0,0,0,0,0,0,0,0,0,0,0,0,0,0,0,0,0,0,0,0,0,0,False,False
2,268,0,0,0,0,0,0,0,0,0,0,0,0,0,0,0,0,0,0,0,0,0,0,False,False
2,269,33,0,0,0,0,0,0,0,0,0,0,0,0,0,0,2,4,0,0,0,0,1,True,False
2,270,0,0,0,0,0,0,0,0,0,0,0,0,0,0,0,0,0,0,0,0,0,0,False,False
2,271,0,0,0,0,0,0,0,0,0,0,0,0,0,0,0,0,0,0,0,0,0,0,False,False
2,272,90,0,0,1,0,0,0,0,0,0,0,0,0,0,1,15,10,0,0,0,24,7,True,False
2,273,56,1,0,0,0,0,0,0,0,0,0,0,0,1,0,7,1,1,0,0,69,7,True,False
2,274,45,0,0,0,0,0,0,0,0,0,0,0,0,0,0,18,6,0,0,0,58,2,True,False
2,275,0,0,0,0,0,0,0,0,0,0,0,0,0,0,0,0,0,0,0,0,0,0,False,False
2,276,0,0,0,0,0,0,0,0,0,0,0,0,0,0,0,0,0,0,0,0,0,0,False,False
2,277,0,0,0,0,0,0,0,0,0,0,0,0,0,0,0,0,0,0,0,0,0,0,False,False
2,278,0,0,0,0,0,0,0,0,0,0,0,0,0,0,0,0,0,0,0,0,0,0,False,False
2,279,0,0,0,0,0,0,0,0,0,0,0,0,0,0,0,0,0,0,0,0,0,0,False,False
2,280,90,0,0,1,0,0,0,0,0,0,0,0,0,0,3,33,14,0,0,0,55,9,True,False
2,281,0,0,0,0,0,0,0,0,0,0,0,0,0,0,0,0,0,0,0,0,0,0,False,False
2,282,90,0,0,1,0,0,0,0,0,0,8,3,1,0,0,19,10,0,0,0,93,16,True,True
2,283,0,0,0,0,0,0,0,0,0,0,0,0,0,0,0,0,0,0,0,0,0,0,False,False
2,284,0,0,0,0,0,0,0,0,0,0,0,0,0,0,0,0,0,0,0,0,0,0,False,False
2,285,0,0,0,0,0,0,0,0,0,0,0,0,0,0,0,0,0,0,0,0,0,0,False,False
2,286,90,0,0,1,0,0,0,0,0,0,0,0,0,0,0,34,16,1,0,0,80,8,True,False
2,287,0,0,0,0,0,0,0,0,0,0,0,0,0,0,0,0,0,0,0,0,0,0,False,False
2,288,0,0,0,0,0,0,0,0,0,0,0,0,0,0,0,0,0,0,0,0,0,0,False,False
2,289,0,0,0,0,0,0,0,0,0,0,0,0,0,0,0,0,0,0,0,0,0,0,False,False
2,290,90,0,0,1,0,0,0,0,0,0,0,0,0,0,1,20,8,0,0,0,36,4,True,False
2,291,56,0,1,0,0,0,0,0,0,0,0,0,0,0,0,15,3,0,0,0,67,4,True,False
2,292,0,0,0,0,0,0,0,0,0,0,0,0,0,0,0,0,0,0,0,0,0,0,False,False
2,293,86,0,0,1,0,0,0,0,0,0,0,0,0,0,0,6,3,0,0,0,14,2,True,False
2,294,90,0,0,1,0,0,0,0,0,0,0,0,0,0,0,7,5,1,0,1,40,2,True,False
2,295,0,0,0,0,0,0,0,0,0,0,0,0,0,0,0,0,0,0,0,0,0,0,False,False
2,296,90,0,0,1,0,0,0,0,0,0,0,0,0,0,1,21,10,0,0,0,36,4,True,False
2,297,90,0,0,1,0,0,0,0,0,0,0,0,0,0,0,27,4,1,0,0,28,3,True,False
2,298,90,0,0,1,0,0,0,0,0,0,4,0,0,0,0,19,7,0,0,0,78,9,True,False
2,299,90,0,0,1,0,0,0,0,1,0,0,0,0,0,0,45,9,0,0,0,64,4,True,False
2,300,45,0,0,0,0,0,0,0,0,0,0,0,0,0,0,8,0,0,0,0,32,1,True,False
2,301,90,0,0,1,0,0,0,0,0,0,0,0,0,0,1,32,6,0,0,0,45,7,True,False
2,302,6,0,0,0,0,0,0,0,0,0,0,0,0,0,0,9,0,0,0,0,0,1,True,False
2,303,70,0,0,1,0,0,0,0,0,0,0,0,0,0,2,31,13,0,0,0,65,8,True,False
2,304,83,0,0,1,0,0,0,0,0,0,0,0,0,0,0,39,9,0,0,0,67,7,True,False
2,305,90,0,0,1,0,0,0,0,0,0,0,0,0,0,2,26,6,0,1,0,44,8,True,False
2,306,70,0,0,1,0,0,0,0,0,0,0,0,0,0,1,30,7,0,0,0,56,4,True,False
2,307,19,0,0,0,0,0,0,0,0,0,0,0,0,0,2,4,2,0,0,0,0,1,True,False
2,308,0,0,0,0,0,0,0,0,0,0,0,0,0,0,0,0,0,0,0,0,0,0,False,False
2,309,45,0,0,0,0,0,0,0,0,0,0,0,0,0,1,8,2,1,0,0,0,1,True,False
2,310,0,0,0,0,0,0,0,0,0,0,0,0,0,0,0,0,0,0,0,0,0,0,False,False
2,311,0,0,0,0,0,0,0,0,0,0,0,0,0,0,0,0,0,0,0,0,0,0,False,False
2,312,0,0,0,0,0,0,0,0,0,0,0,0,0,0,0,0,0,0,0,0,0,0,False,False
2,313,0,0,0,0,0,0,0,0,0,0,0,0,0,0,0,0,0,0,0,0,0,0,False,False
2,314,0,0,0,0,0,0,0,0,0,0,0,0,0,0,0,0,0,0,0,0,0,0,False,False
2,315,0,0,0,0,0,0,0,0,0,0,0,0,0,0,0,0,0,0,0,0,0,0,False,False
2,316,0,0,0,0,0,0,0,0,0,0,0,0,0,0,0,0,0,0,0,0,0,0,False,False
2,317,0,0,0,0,0,0,0,0,0,0,0,0,0,0,0,0,0,0,0,0,0,0,False,False
2,318,1,0,0,0,0,0,0,0,0,0,0,0,0,0,0,0,0,0,0,0,0,1,True,False
2,319,0,0,0,0,0,0,0,0,0,0,0,0,0,0,0,0,0,0,0,0,0,0,False,False
2,320,0,0,0,0,0,0,0,0,0,0,0,0,0,0,0,0,0,0,0,0,0,0,False,False
2,321,0,0,0,0,0,0,0,0,0,0,0,0,0,0,0,0,0,0,0,0,0,0,False,False
2,322,0,0,0,0,0,0,0,0,0,0,0,0,0,0,0,0,0,0,0,0,0,0,False,False
2,323,0,0,0,0,0,0,0,0,0,0,0,0,0,0,0,0,0,0,0,0,0,0,False,False
2,324,0,0,0,0,0,0,0,0,0,0,0,0,0,0,0,0,0,0,0,0,0,0,False,False
2,325,0,0,0,0,0,0,0,0,0,0,0,0,0,0,0,0,0,0,0,0,0,0,False,False
2,326,0,0,0,0,0,0,0,0,0,0,0,0,0,0,0,0,0,0,0,0,0,0,False,False
2,327,28,1,0,0,0,0,0,0,0,0,0,0,0,0,0,7,1,2,0,0,0,6,True,False
2,328,84,1,0,1,0,0,0,0,0,0,0,0,0,0,1,32,1,1,1,0,80,8,True,False
2,329,74,0,1,1,0,0,0,0,0,0,0,0,0,0,1,26,5,0,0,0,80,6,True,False
2,330,90,0,0,1,0,0,0,0,0,0,0,0,0,0,2,31,3,0,1,0,81,3,True,False
2,331,0,0,0,0,0,0,0,0,0,0,0,0,0,0,0,0,0,0,0,0,0,0,False,False
2,332,90,1,1,1,0,0,0,0,0,0,0,2,1,0,0,32,3,1,1,0,92,14,True,True
2,333,90,0,0,1,0,0,0,0,0,0,0,1,0,0,1,52,8,0,0,0,84,9,True,False
2,334,90,0,0,1,0,0,0,0,0,0,1,0,0,0,0,11,12,0,0,0,76,8,True,False
2,335,0,0,0,0,0,0,0,0,0,0,0,0,0,0,0,0,0,0,0,0,0,0,False,False
2,336,61,0,1,1,0,0,0,0,0,0,0,0,0,0,0,8,3,0,0,2,77,4,True,False
2,337,74,0,0,1,0,0,0,0,0,0,0,1,0,0,1,44,7,0,0,0,84,6,True,False
2,338,74,1,0,1,0,0,0,0,0,0,0,3,0,1,2,32,11,1,0,0,95,17,True,True
2,339,90,0,0,1,0,0,0,0,0,0,0,1,0,0,6,32,7,0,0,0,84,10,True,False
2,340,15,0,1,0,0,0,0,0,0,0,0,0,0,0,0,14,0,0,1,0,0,5,True,False
2,341,0,0,0,0,0,0,0,0,0,0,0,0,0,0,0,0,0,0,0,0,0,0,False,False
2,342,5,0,0,0,0,0,0,0,0,0,0,0,0,0,0,8,2,0,0,0,0,1,True,False
2,343,15,0,0,0,0,0,0,0,0,0,0,0,0,0,0,14,1,0,0,0,0,1,True,False
2,344,0,0,0,0,0,0,0,0,0,0,0,0,0,0,0,0,0,0,0,0,0,0,False,False
2,345,0,0,0,0,0,0,0,0,0,0,0,0,0,0,0,0,0,0,0,0,0,0,False,False
2,346,0,0,0,0,0,0,0,0,0,0,0,0,0,0,0,0,0,0,0,0,0,0,False,False
2,347,0,0,0,0,0,0,0,0,0,0,0,0,0,0,0,0,0,0,0,0,0,0,False,False
2,348,0,0,0,0,0,0,0,0,0,0,0,0,0,0,0,0,0,0,0,0,0,0,False,False
2,349,0,0,0,0,0,0,0,0,0,0,0,0,0,0,0,0,0,0,0,0,0,0,False,False
2,350,0,0,0,0,0,0,0,0,0,0,0,0,0,0,0,0,0,0,0,0,0,0,False,False
2,351,0,0,0,0,0,0,0,0,0,0,0,0,0,0,0,0,0,0,0,0,0,0,False,False
2,352,0,0,0,0,0,0,0,0,0,0,0,0,0,0,0,0,0,0,0,0,0,0,False,False
2,353,0,0,0,0,0,0,0,0,0,0,0,0,0,0,0,0,0,0,0,0,0,0,False,False
2,354,0,0,0,0,0,0,0,0,0,0,0,0,0,0,0,0,0,0,0,0,0,0,False,False
2,355,0,0,0,0,0,0,0,0,0,0,0,0,0,0,0,0,0,0,0,0,0,0,False,False
2,356,84,0,1,1,0,0,0,0,0,0,0,0,0,0,0,9,1,1,1,0,0,5,True,False
2,357,0,0,0,0,0,0,0,0,0,0,0,0,0,0,0,0,0,0,0,0,0,0,False,False
2,358,15,0,0,0,0,0,0,0,0,0,0,0,0,0,0,9,1,0,0,0,0,1,True,False
2,359,0,0,0,0,0,0,0,0,0,0,0,0,0,0,0,0,0,0,0,0,0,0,False,False
2,360,90,0,0,1,0,0,0,0,0,0,0,0,0,0,2,32,12,0,0,0,80,8,True,False
2,361,0,0,0,0,0,0,0,0,0,0,0,0,0,0,0,0,0,0,0,0,0,0,False,False
2,362,0,0,0,0,0,0,0,0,0,0,0,0,0,0,0,0,0,0,0,0,0,0,False,False
2,363,0,0,0,0,0,0,0,0,0,0,0,0,0,0,0,0,0,0,0,0,0,0,False,False
2,364,0,0,0,0,0,0,0,0,0,0,0,0,0,0,0,0,0,0,0,0,0,0,False,False
2,365,0,0,0,0,0,0,0,0,0,0,0,0,0,0,0,0,0,0,0,0,0,0,False,False
2,366,0,0,0,0,0,0,0,0,0,0,0,0,0,0,0,0,0,0,0,0,0,0,False,False
2,367,0,0,0,0,0,0,0,0,0,0,0,0,0,0,0,0,0,0,0,0,0,0,False,False
2,368,0,0,0,0,0,0,0,0,0,0,0,0,0,0,0,0,0,0,0,0,0,0,False,False
2,369,0,0,0,0,0,0,0,0,0,0,0,0,0,0,0,0,0,0,0,0,0,0,False,False
2,370,0,0,0,0,0,0,0,0,0,0,0,0,0,0,0,0,0,0,0,0,0,0,False,False
2,371,0,0,0,0,0,0,0,0,0,0,0,0,0,0,0,0,0,0,0,0,0,0,False,False
2,372,0,0,0,0,0,0,0,0,0,0,0,0,0,0,0,0,0,0,0,0,0,0,False,False
2,373,90,0,0,0,4,0,0,0,0,0,1,0,0,0,0,21,14,0,0,0,16,0,True,False
2,374,0,0,0,0,0,0,0,0,0,0,0,0,0,0,0,0,0,0,0,0,0,0,False,False
2,375,61,0,0,0,3,0,0,0,0,0,0,0,0,0,0,11,6,0,1,0,24,3,True,False
2,376,0,0,0,0,0,0,0,0,0,0,0,0,0,0,0,0,0,0,0,0,0,0,False,False
2,377,90,0,0,0,4,0,0,0,0,0,0,0,0,0,0,37,10,0,0,0,20,1,True,False
2,378,0,0,0,0,0,0,0,0,0,0,0,0,0,0,0,0,0,0,0,0,0,0,False,False
2,379,90,0,1,1,0,0,0,0,0,0,0,1,0,0,1,15,6,0,1,0,74,8,True,False
2,380,28,0,0,0,1,0,0,0,0,0,0,0,0,0,0,6,0,0,0,0,0,1,True,False
2,381,0,0,0,0,0,0,0,0,0,0,0,0,0,0,0,0,0,0,0,0,0,0,False,False
2,382,7,0,0,0,1,0,0,0,0,0,0,0,0,0,0,1,1,0,0,0,0,1,True,False
2,383,0,0,0,0,0,0,0,0,0,0,0,0,0,0,0,0,0,0,0,0,0,0,False,False
2,384,0,0,0,0,0,0,0,0,0,0,0,0,0,0,0,0,0,0,0,0,0,0,False,False
2,385,0,0,0,0,0,0,0,0,0,0,0,0,0,0,0,0,0,0,0,0,0,0,False,False
2,386,0,0,0,0,0,0,0,0,0,0,0,0,0,0,0,0,0,0,0,0,0,0,False,False
2,387,0,0,0,0,0,0,0,0,0,0,0,0,0,0,0,0,0,0,0,0,0,0,False,False
2,388,0,0,0,0,0,0,0,0,0,0,0,0,0,0,0,0,0,0,0,0,0,0,False,False
2,389,0,0,0,0,0,0,0,0,0,0,0,0,0,0,0,0,0,0,0,0,0,0,False,False
2,390,75,0,0,0,3,0,0,0,0,0,0,0,0,0,1,24,2,0,0,0,29,2,True,False
2,391,0,0,0,0,0,0,0,0,0,0,0,0,0,0,0,0,0,0,0,0,0,0,False,False
2,392,0,0,0,0,0,0,0,0,0,0,0,0,0,0,0,0,0,0,0,0,0,0,False,False
2,393,0,0,0,0,0,0,0,0,0,0,0,0,0,0,0,0,0,0,0,0,0,0,False,False
2,394,61,0,0,0,3,0,0,0,0,0,0,0,0,0,1,3,3,0,0,1,22,2,True,False
2,395,82,0,0,0,3,0,0,0,0,0,0,0,0,0,0,17,5,0,0,0,22,2,True,False
2,396,0,0,0,0,0,0,0,0,0,0,0,0,0,0,0,0,0,0,0,0,0,0,False,False
2,397,90,0,0,1,0,0,0,0,0,0,0,1,0,0,0,30,14,0,0,0,84,9,True,False
2,398,8,0,0,0,0,0,0,0,0,0,0,0,0,0,2,1,0,0,0,0,0,1,True,False
2,399,0,0,0,0,0,0,0,0,0,0,0,0,0,0,0,0,0,0,0,0,0,0,False,False
2,400,0,0,0,0,0,0,0,0,0,0,0,0,0,0,0,0,0,0,0,0,0,0,False,False
2,401,0,0,0,0,0,0,0,0,0,0,0,0,0,0,0,0,0,0,0,0,0,0,False,False
2,402,0,0,0,0,0,0,0,0,0,0,0,0,0,0,0,0,0,0,0,0,0,0,False,False
2,403,0,0,0,0,0,0,0,0,0,0,0,0,0,0,0,0,0,0,0,0,0,0,False,False
2,404,0,0,0,0,0,0,0,0,0,0,0,0,0,0,0,0,0,0,0,0,0,0,False,False
2,405,0,0,0,0,0,0,0,0,0,0,0,0,0,0,0,0,0,0,0,0,0,0,False,False
2,406,0,0,0,0,0,0,0,0,0,0,0,0,0,0,0,0,0,0,0,0,0,0,False,False
2,407,90,0,0,1,0,0,0,0,0,0,3,2,1,0,1,11,3,0,0,0,88,11,True,False
2,408,0,0,0,0,0,0,0,0,0,0,0,0,0,0,0,0,0,0,0,0,0,0,False,False
2,409,0,0,0,0,0,0,0,0,0,0,0,0,0,0,0,0,0,0,0,0,0,0,False,False
2,410,0,0,0,0,0,0,0,0,0,0,0,0,0,0,0,0,0,0,0,0,0,0,False,False
2,411,0,0,0,0,0,0,0,0,0,0,0,0,0,0,0,0,0,0,0,0,0,0,False,False
2,412,0,0,0,0,0,0,0,0,0,0,0,0,0,0,0,0,0,0,0,0,0,0,False,False
2,413,0,0,0,0,0,0,0,0,0,0,0,0,0,0,0,0,0,0,0,0,0,0,False,False
2,414,0,0,0,0,0,0,0,0,0,0,0,0,0,0,0,0,0,0,0,0,0,0,False,False
2,415,0,0,0,0,0,0,0,0,0,0,0,0,0,0,0,0,0,0,0,0,0,0,False,False
2,416,32,0,0,0,0,0,0,0,1,0,0,0,0,0,1,6,1,0,0,0,0,0,True,False
2,417,0,0,0,0,0,0,0,0,0,0,0,0,0,0,0,0,0,0,0,0,0,0,False,False
2,418,0,0,0,0,0,0,0,0,0,0,0,0,0,0,0,0,0,0,0,0,0,0,False,False
2,419,81,0,0,1,0,0,0,0,0,0,0,0,0,0,2,20,7,0,0,0,71,7,True,False
2,420,0,0,0,0,0,0,0,0,0,0,0,0,0,0,0,0,0,0,0,0,0,0,False,False
2,421,0,0,0,0,0,0,0,0,0,0,0,0,0,0,0,0,0,0,0,0,0,0,False,False
2,422,90,0,0,1,0,0,0,0,0,0,0,0,0,0,0,31,13,0,0,0,70,8,True,False
2,423,57,0,0,0,0,0,0,0,0,0,0,0,0,0,0,36,6,1,0,0,54,2,True,False
2,424,45,0,0,0,2,0,0,0,0,0,0,0,0,0,0,21,2,0,1,0,36,1,True,False
2,425,87,0,0,1,0,0,0,0,0,0,0,0,0,0,1,25,4,0,0,0,66,3,True,False
2,426,0,0,0,0,0,0,0,0,0,0,0,0,0,0,0,0,0,0,0,0,0,0,False,False
2,427,90,0,0,1,0,0,0,0,0,0,0,0,0,0,0,50,7,1,0,1,59,5,True,False
2,428,0,0,0,0,0,0,0,0,0,0,0,0,0,0,0,0,0,0,0,0,0,0,False,False
2,429,90,0,0,1,0,0,0,0,0,0,0,3,0,0,2,66,7,0,1,0,90,8,True,False
2,430,0,0,0,0,0,0,0,0,0,0,0,0,0,0,0,0,0,0,0,0,0,0,False,False
2,431,90,0,0,1,0,0,0,0,0,0,0,0,0,0,0,43,4,1,0,0,36,4,True,False
2,432,82,0,0,0,3,0,0,0,0,0,0,0,0,0,4,39,5,0,0,0,36,2,True,False
2,433,45,0,0,0,3,0,0,0,0,0,0,0,0,0,0,14,3,0,0,0,26,1,True,False
2,434,4,0,0,0,0,0,0,0,0,0,0,0,0,0,0,1,0,0,0,0,0,1,True,False
2,435,57,0,0,0,0,0,0,0,0,0,0,0,0,0,0,12,1,2,0,0,51,1,True,False
2,436,45,0,0,0,3,0,0,0,0,0,0,0,0,0,0,8,1,0,0,0,18,1,True,False
2,437,90,0,0,0,3,0,0,0,0,0,0,0,0,0,0,64,9,0,0,0,53,4,True,False
2,438,90,0,0,0,3,0,1,0,0,0,3,0,0,0,0,23,13,0,0,0,48,7,True,False
2,439,0,0,0,0,0,0,0,0,0,0,0,0,0,0,0,0,0,0,0,0,0,0,False,False
2,440,0,0,0,0,0,0,0,0,0,0,0,0,0,0,0,0,0,0,0,0,0,0,False,False
2,441,90,0,0,0,3,0,0,0,0,0,0,0,0,0,0,67,1,0,0,0,32,2,True,False
2,442,0,0,0,0,0,0,0,0,0,0,0,0,0,0,0,0,0,0,0,0,0,0,False,False
2,443,45,0,0,0,0,0,0,0,0,0,0,0,0,0,0,12,1,0,0,0,0,1,True,False
2,444,0,0,0,0,0,0,0,0,0,0,0,0,0,0,0,0,0,0,0,0,0,0,False,False
2,445,0,0,0,0,0,0,0,0,0,0,0,0,0,0,0,0,0,0,0,0,0,0,False,False
2,446,0,0,0,0,0,0,0,0,0,0,0,0,0,0,0,0,0,0,0,0,0,0,False,False
2,447,0,0,0,0,0,0,0,0,0,0,0,0,0,0,0,0,0,0,0,0,0,0,False,False
2,448,0,0,0,0,0,0,0,0,0,0,0,0,0,0,0,0,0,0,0,0,0,0,False,False
2,449,0,0,0,0,0,0,0,0,0,0,0,0,0,0,0,0,0,0,0,0,0,0,False,False
2,450,90,0,1,0,3,0,0,0,0,0,0,0,0,0,3,27,6,0,1,0,79,7,True,False
2,451,0,0,0,0,0,0,0,0,0,0,0,0,0,0,0,0,0,0,0,0,0,0,False,False
2,452,90,0,0,0,4,0,0,0,0,0,0,0,0,0,1,15,2,0,0,0,12,2,True,False
2,453,0,0,0,0,0,0,0,0,0,0,0,0,0,0,0,0,0,0,0,0,0,0,False,False
2,454,90,2,0,0,3,0,0,0,0,0,0,2,0,0,0,12,2,3,0,1,88,15,True,True
2,455,0,0,0,0,0,0,0,0,0,0,0,0,0,0,0,0,0,0,0,0,0,0,False,False
2,456,45,0,1,0,0,0,0,0,0,0,0,0,0,0,1,10,1,0,1,0,0,4,True,False
2,457,58,0,0,0,3,0,0,0,0,0,0,0,0,0,0,26,4,0,0,0,35,1,True,False
2,458,0,0,0,0,0,0,0,0,0,0,0,0,0,0,0,0,0,0,0,0,0,0,False,False
2,459,0,0,0,0,0,0,0,0,0,0,0,0,0,0,0,0,0,0,0,0,0,0,False,False
2,460,56,0,0,0,1,0,0,0,0,0,0,0,0,0,2,18,3,1,0,1,68,1,True,False
2,461,0,0,0,0,0,0,0,0,0,0,0,0,0,0,0,0,0,0,0,0,0,0,False,False
2,462,0,0,0,0,0,0,0,0,0,0,0,0,0,0,0,0,0,0,0,0,0,0,False,False
2,463,90,0,0,0,1,0,0,0,0,0,1,0,0,0,0,14,8,0,0,0,53,2,True,False
2,464,78,0,0,0,1,0,0,0,1,0,0,0,0,0,1,47,4,0,0,1,51,2,True,False
2,465,90,0,0,0,1,0,0,0,0,0,0,2,0,0,1,47,14,1,0,0,91,7,True,False
2,466,90,0,0,0,1,0,0,0,0,0,0,0,0,0,1,52,8,0,1,0,84,5,True,False
2,467,0,0,0,0,0,0,0,0,0,0,0,0,0,0,0,0,0,0,0,0,0,0,False,False
2,468,70,0,0,0,1,0,0,0,0,0,0,0,0,0,0,36,5,0,0,0,71,2,True,False
2,469,0,0,0,0,0,0,0,0,0,0,0,0,0,0,0,0,0,0,0,0,0,0,False,False
2,470,90,0,0,0,1,0,0,0,0,0,0,0,0,0,0,13,1,1,0,2,69,1,True,False
2,471,79,0,0,0,1,0,0,0,0,0,0,0,0,0,0,10,1,0,1,0,32,2,True,False
2,472,0,0,0,0,0,0,0,0,0,0,0,0,0,0,0,0,0,0,0,0,0,0,False,False
2,473,78,0,0,0,1,0,0,0,0,0,0,0,0,0,0,55,2,1,0,0,80,3,True,False
2,474,0,0,0,0,0,0,0,0,0,0,0,0,0,0,0,0,0,0,0,0,0,0,False,False
2,475,11,0,0,0,0,0,0,0,0,0,0,0,0,0,0,9,1,1,0,0,0,1,True,False
2,476,10,0,0,0,0,0,0,0,0,0,0,0,0,0,0,0,0,0,0,0,0,1,True,False
2,477,90,0,0,0,1,0,0,0,0,0,0,0,0,0,2,50,5,0,0,0,59,3,True,False
2,478,0,0,0,0,0,0,0,0,0,0,0,0,0,0,0,0,0,0,0,0,0,0,False,False
2,479,0,0,0,0,0,0,0,0,0,0,0,0,0,0,0,0,0,0,0,0,0,0,False,False
2,480,0,0,0,0,0,0,0,0,0,0,0,0,0,0,0,0,0,0,0,0,0,0,False,False
2,481,0,0,0,0,0,0,0,0,0,0,0,0,0,0,0,0,0,0,0,0,0,0,False,False
2,482,0,0,0,0,0,0,0,0,0,0,0,0,0,0,0,0,0,0,0,0,0,0,False,False
2,483,0,0,0,0,0,0,0,0,0,0,0,0,0,0,0,0,0,0,0,0,0,0,False,False
2,484,90,0,0,0,1,0,0,0,0,0,0,1,0,0,0,79,8,0,1,0,85,5,True,False
2,485,0,0,0,0,0,0,0,0,0,0,0,0,0,0,0,0,0,0,0,0,0,0,False,False
2,486,11,0,0,0,0,0,0,0,0,0,0,0,0,0,0,8,2,1,0,0,0,1,True,False
2,487,0,0,0,0,0,0,0,0,0,0,0,0,0,0,0,0,0,0,0,0,0,0,False,False
2,488,19,0,0,0,0,0,0,0,0,0,0,0,0,0,0,13,1,2,0,1,0,1,True,False
2,489,0,0,0,0,0,0,0,0,0,0,0,0,0,0,0,0,0,0,0,0,0,0,False,False
2,490,0,0,0,0,0,0,0,0,0,0,0,0,0,0,0,0,0,0,0,0,0,0,False,False
2,491,0,0,0,0,0,0,0,0,0,0,0,0,0,0,0,0,0,0,0,0,0,0,False,False
2,492,0,0,0,0,0,0,0,0,0,0,0,0,0,0,0,0,0,0,0,0,0,0,False,False
2,493,0,0,0,0,0,0,0,0,0,0,0,0,0,0,0,0,0,0,0,0,0,0,False,False
2,494,0,0,0,0,0,0,0,0,0,0,0,0,0,0,0,0,0,0,0,0,0,0,False,False
2,495,0,0,0,0,0,0,0,0,0,0,0,0,0,0,0,0,0,0,0,0,0,0,False,False
2,496,90,0,0,0,2,0,0,0,0,0,0,0,0,0,0,35,9,0,0,0,70,2,True,False
2,497,0,0,0,0,0,0,0,0,0,0,0,0,0,0,0,0,0,0,0,0,0,0,False,False
2,498,90,0,0,0,2,0,0,0,0,0,0,0,0,0,0,22,9,0,0,0,31,1,True,False
2,499,87,0,0,0,1,0,0,0,0,0,0,0,0,0,0,23,9,0,0,0,48,3,True,False
2,500,26,0,0,0,1,0,0,0,0,0,0,0,0,0,0,7,2,0,0,0,0,1,True,False
2,501,0,0,0,0,0,0,0,0,0,0,0,0,0,0,0,0,0,0,0,0,0,0,False,False
2,502,11,0,0,0,1,0,0,0,0,0,0,0,0,0,0,1,1,0,0,0,0,1,True,False
2,503,0,0,0,0,0,0,0,0,0,0,0,0,0,0,0,0,0,0,0,0,0,0,False,False
2,504,0,0,0,0,0,0,0,0,0,0,0,0,0,0,0,0,0,0,0,0,0,0,False,False
2,505,0,0,0,0,0,0,0,0,0,0,0,0,0,0,0,0,0,0,0,0,0,0,False,False
2,506,2,0,0,0,1,0,0,0,0,0,0,0,0,0,0,2,0,0,0,0,0,1,True,False
2,507,0,0,0,0,0,0,0,0,0,0,0,0,0,0,0,0,0,0,0,0,0,0,False,False
2,508,0,0,0,0,0,0,0,0,0,0,0,0,0,0,0,0,0,0,0,0,0,0,False,False
2,509,0,0,0,0,0,0,0,0,0,0,0,0,0,0,0,0,0,0,0,0,0,0,False,False
2,510,0,0,0,0,0,0,0,0,0,0,0,0,0,0,0,0,0,0,0,0,0,0,False,False
2,511,0,0,0,0,0,0,0,0,0,0,0,0,0,0,0,0,0,0,0,0,0,0,False,False
2,512,0,0,0,0,0,0,0,0,0,0,0,0,0,0,0,0,0,0,0,0,0,0,False,False
2,513,90,0,0,0,2,0,0,0,0,0,0,0,0,0,1,32,9,0,0,0,74,2,True,False
2,514,0,0,0,0,0,0,0,0,0,0,0,0,0,0,0,0,0,0,0,0,0,0,False,False
2,515,87,0,0,0,1,0,0,0,0,0,0,0,0,0,0,13,0,0,0,0,36,2,True,False
2,516,90,1,0,0,2,0,0,1,1,0,0,0,0,1,0,26,9,2,0,1,60,7,True,False
2,517,90,1,1,0,2,0,0,0,0,0,0,1,0,0,1,19,16,1,1,0,87,14,True,True
2,518,90,1,0,0,2,0,0,0,1,0,0,0,1,0,0,25,4,1,0,0,78,7,True,False
2,519,78,0,1,0,1,0,0,0,1,0,0,0,0,0,2,14,5,2,0,0,82,4,True,False
2,520,90,0,1,0,2,0,0,0,0,0,0,3,0,0,1,26,12,0,0,0,94,10,True,False
2,521,0,0,0,0,0,0,0,0,0,0,0,0,0,0,0,0,0,0,0,0,0,0,False,False
2,522,0,0,0,0,0,0,0,0,0,0,0,0,0,0,0,0,0,0,0,0,0,0,False,False
2,523,90,0,0,1,0,0,0,0,0,0,0,0,0,0,1,27,7,0,0,0,45,7,True,False
2,524,0,0,0,0,0,0,0,0,0,0,0,0,0,0,0,0,0,0,0,0,0,0,False,False
2,525,0,0,0,0,0,0,0,0,0,0,0,0,0,0,0,0,0,0,0,0,0,0,False,False
2,526,0,0,0,0,0,0,0,0,0,0,0,0,0,0,0,0,0,0,0,0,0,0,False,False
2,527,0,0,0,0,0,0,0,0,0,0,0,0,0,0,0,0,0,0,0,0,0,0,False,False
2,528,0,0,0,0,0,0,0,0,0,0,0,0,0,0,0,0,0,0,0,0,0,0,False,False
2,529,0,0,0,0,0,0,0,0,0,0,0,0,0,0,0,0,0,0,0,0,0,0,False,False
2,530,90,0,0,1,0,0,0,0,0,0,3,3,0,0,0,10,11,0,0,0,93,12,True,False
2,531,14,0,0,0,1,0,0,0,0,0,0,0,0,0,0,4,1,0,0,0,0,1,True,False
2,532,90,0,0,1,0,0,0,0,0,0,0,0,0,0,1,29,8,0,0,0,62,7,True,False
2,533,0,0,0,0,0,0,0,0,0,0,0,0,0,0,0,0,0,0,0,0,0,0,False,False
2,534,0,0,0,0,0,0,0,0,0,0,0,0,0,0,0,0,0,0,0,0,0,0,False,False
2,535,0,0,0,0,0,0,0,0,0,0,0,0,0,0,0,0,0,0,0,0,0,0,False,False
2,536,90,0,0,1,0,0,0,0,0,0,0,0,0,0,1,34,5,0,0,0,46,6,True,False
2,537,1,0,0,0,0,0,0,0,0,0,0,0,0,0,0,4,1,0,0,0,0,1,True,False
2,538,0,0,0,0,0,0,0,0,0,0,0,0,0,0,0,0,0,0,0,0,0,0,False,False
2,539,0,0,0,0,0,0,0,0,0,0,0,0,0,0,0,0,0,0,0,0,0,0,False,False
2,540,11,0,0,0,0,0,0,0,0,0,0,0,0,0,0,9,0,0,0,0,0,1,True,False
2,541,0,0,0,0,0,0,0,0,0,0,0,0,0,0,0,0,0,0,0,0,0,0,False,False
2,542,0,0,0,0,0,0,0,0,0,0,0,0,0,0,0,0,0,0,0,0,0,0,False,False
2,543,0,0,0,0,0,0,0,0,0,0,0,0,0,0,0,0,0,0,0,0,0,0,False,False
2,544,0,0,0,0,0,0,0,0,0,0,0,0,0,0,0,0,0,0,0,0,0,0,False,False
2,545,0,0,0,0,0,0,0,0,0,0,0,0,0,0,0,0,0,0,0,0,0,0,False,False
2,546,0,0,0,0,0,0,0,0,0,0,0,0,0,0,0,0,0,0,0,0,0,0,False,False
2,547,0,0,0,0,0,0,0,0,0,0,0,0,0,0,0,0,0,0,0,0,0,0,False,False
2,548,0,0,0,0,0,0,0,0,0,0,0,0,0,0,0,0,0,0,0,0,0,0,False,False
2,549,90,0,0,1,0,0,0,0,0,0,0,0,0,0,0,35,3,0,0,0,59,6,True,False
2,550,90,0,0,1,0,0,0,0,0,0,0,0,0,0,1,34,8,0,0,0,60,7,True,False
2,551,90,0,0,1,0,0,0,0,0,0,0,0,0,0,0,39,6,0,0,0,55,4,True,False
2,552,0,0,0,0,0,0,0,0,0,0,0,0,0,0,0,0,0,0,0,0,0,0,False,False
2,553,78,2,0,1,0,0,0,0,0,0,0,2,1,1,1,14,4,2,0,1,91,16,True,True
2,554,5,0,0,0,0,0,0,0,0,0,0,0,0,0,0,1,1,0,0,0,0,1,True,False
2,555,90,0,0,0,1,0,0,0,0,0,4,0,0,0,0,19,9,0,0,0,69,4,True,False
2,556,0,0,0,0,0,0,0,0,0,0,0,0,0,0,0,0,0,0,0,0,0,0,False,False
2,557,0,0,0,0,0,0,0,0,0,0,0,0,0,0,0,0,0,0,0,0,0,0,False,False
2,558,90,0,0,0,1,0,0,0,1,0,0,0,0,0,3,35,12,0,0,0,47,4,True,False
2,559,0,0,0,0,0,0,0,0,0,0,0,0,0,0,0,0,0,0,0,0,0,0,False,False
2,560,0,0,0,0,0,0,0,0,0,0,0,0,0,0,0,0,0,0,0,0,0,0,False,False
2,561,0,0,0,0,0,0,0,0,0,0,0,0,0,0,0,0,0,0,0,0,0,0,False,False
2,562,90,0,0,0,1,0,0,0,0,0,0,0,0,0,1,52,8,0,0,0,25,4,True,False
2,563,11,0,0,0,0,0,0,0,0,0,0,0,0,0,0,3,0,0,0,0,0,1,True,False
2,564,0,0,0,0,0,0,0,0,0,0,0,0,0,0,0,0,0,0,0,0,0,0,False,False
2,565,0,0,0,0,0,0,0,0,0,0,0,0,0,0,0,0,0,0,0,0,0,0,False,False
2,566,24,0,0,0,0,0,0,0,0,0,0,0,0,0,0,7,2,0,0,0,0,1,True,False
2,567,0,0,0,0,0,0,0,0,0,0,0,0,0,0,0,0,0,0,0,0,0,0,False,False
2,568,0,0,0,0,0,0,0,0,0,0,0,0,0,0,0,0,0,0,0,0,0,0,False,False
2,569,0,0,0,0,0,0,0,0,0,0,0,0,0,0,0,0,0,0,0,0,0,0,False,False
2,570,0,0,0,0,0,0,0,0,0,0,0,0,0,0,0,0,0,0,0,0,0,0,False,False
2,571,65,0,0,0,1,0,0,0,0,0,0,0,0,0,1,31,5,0,0,0,23,2,True,False
2,572,90,0,0,0,1,0,0,0,0,0,0,0,0,0,1,18,2,0,1,0,25,2,True,False
2,573,0,0,0,0,0,0,0,0,0,0,0,0,0,0,0,0,0,0,0,0,0,0,False,False
2,574,0,0,0,0,0,0,0,0,0,0,0,0,0,0,0,0,0,0,0,0,0,0,False,False
2,575,0,0,0,0,0,0,0,0,0,0,0,0,0,0,0,0,0,0,0,0,0,0,False,False
2,576,0,0,0,0,0,0,0,0,0,0,0,0,0,0,0,0,0,0,0,0,0,0,False,False
2,577,0,0,0,0,0,0,0,0,0,0,0,0,0,0,0,0,0,0,0,0,0,0,False,False
2,578,0,0,0,0,0,0,0,0,0,0,0,0,0,0,0,0,0,0,0,0,0,0,False,False
2,579,90,0,0,0,1,0,0,0,0,0,0,0,0,0,1,40,9,0,0,0,41,4,True,False
2,580,1,0,0,0,0,0,0,0,0,0,0,0,0,0,0,0,0,0,0,0,0,1,True,False
2,581,0,0,0,0,0,0,0,0,0,0,0,0,0,0,0,0,0,0,0,0,0,0,False,False
2,582,0,0,0,0,0,0,0,0,0,0,0,0,0,0,0,0,0,0,0,0,0,0,False,False
2,583,0,0,0,0,0,0,0,0,0,0,0,0,0,0,0,0,0,0,0,0,0,0,False,False
2,584,78,0,0,0,1,0,0,0,1,0,0,0,0,0,0,25,3,0,0,0,31,1,True,False
2,585,90,0,0,0,1,0,0,0,0,0,0,0,0,0,0,45,5,0,0,0,34,3,True,False
2,586,0,0,0,0,0,0,0,0,0,0,0,0,0,0,0,0,0,0,0,0,0,0,False,False
2,587,1,0,0,0,0,0,0,0,0,0,0,0,0,0,0,0,0,0,0,0,0,1,True,False
2,588,0,0,0,0,0,0,0,0,0,0,0,0,0,0,0,0,0,0,0,0,0,0,False,False
2,589,90,0,0,0,1,0,0,0,0,0,0,0,0,0,0,54,8,2,0,1,51,4,True,False
2,590,78,0,0,0,1,0,0,0,0,0,0,0,0,0,1,21,1,0,0,0,29,2,True,False
2,591,90,0,0,0,3,0,0,0,0,0,0,0,0,0,0,80,3,0,0,0,30,3,True,False
2,592,45,0,0,0,3,0,0,0,0,0,0,0,0,0,1,6,1,0,0,0,21,1,True,False
2,593,0,0,0,0,0,0,0,0,0,0,0,0,0,0,0,0,0,0,0,0,0,0,False,False
2,594,4,0,0,0,0,0,0,0,0,0,0,0,0,0,0,0,0,0,0,0,0,1,True,False
2,595,90,0,0,0,1,0,0,0,0,0,2,0,0,0,0,18,12,0,0,0,63,4,True,False
2,596,0,0,0,0,0,0,0,0,0,0,0,0,0,0,0,0,0,0,0,0,0,0,False,False
2,597,90,0,0,0,1,0,0,0,0,0,0,0,0,0,0,15,1,0,0,0,17,2,True,False
2,598,0,0,0,0,0,0,0,0,0,0,0,0,0,0,0,0,0,0,0,0,0,0,False,False
2,599,0,0,0,0,0,0,0,0,0,0,0,0,0,0,0,0,0,0,0,0,0,0,False,False
2,600,0,0,0,0,0,0,0,0,0,0,0,0,0,0,0,0,0,0,0,0,0,0,False,False
2,601,0,0,0,0,0,0,0,0,0,0,0,0,0,0,0,0,0,0,0,0,0,0,False,False
2,602,0,0,0,0,0,0,0,0,0,0,0,0,0,0,0,0,0,0,0,0,0,0,False,False
2,603,0,0,0,0,0,0,0,0,0,0,0,0,0,0,0,0,0,0,0,0,0,0,False,False
2,604,0,0,0,0,0,0,0,0,0,0,0,0,0,0,0,0,0,0,0,0,0,0,False,False
2,605,0,0,0,0,0,0,0,0,0,0,0,0,0,0,0,0,0,0,0,0,0,0,False,False
2,606,0,0,0,0,0,0,0,0,0,0,0,0,0,0,0,0,0,0,0,0,0,0,False,False
2,607,0,0,0,0,0,0,0,0,0,0,0,0,0,0,0,0,0,0,0,0,0,0,False,False
2,608,2,0,0,0,0,0,0,0,0,0,0,0,0,0,0,1,0,0,0,0,0,1,True,False
2,609,45,0,0,0,0,0,0,0,0,0,0,0,0,0,1,12,2,0,0,0,0,1,True,False
2,610,7,0,0,0,0,0,0,0,0,0,0,0,0,0,0,2,1,0,0,0,0,1,True,False
2,611,0,0,0,0,0,0,0,0,0,0,0,0,0,0,0,0,0,0,0,0,0,0,False,False
2,612,23,0,0,0,0,0,0,0,1,0,0,0,0,0,0,6,0,0,0,0,0,0,True,False
2,613,0,0,0,0,0,0,0,0,0,0,0,0,0,0,0,0,0,0,0,0,0,0,False,False
2,614,0,0,0,0,0,0,0,0,0,0,0,0,0,0,0,0,0,0,0,0,0,0,False,False
2,615,90,0,0,1,0,0,0,0,0,0,0,3,0,0,2,36,15,0,0,0,87,11,True,False
2,616,4,0,0,0,0,0,0,0,0,0,0,0,0,0,0,1,2,0,0,0,0,1,True,False
2,617,0,0,0,0,0,0,0,0,0,0,0,0,0,0,0,0,0,0,0,0,0,0,False,False
2,618,46,0,0,0,0,0,0,0,0,1,0,0,0,0,0,22,6,0,0,0,29,-1,True,False
2,619,0,0,0,0,0,0,0,0,0,0,0,0,0,0,0,0,0,0,0,0,0,0,False,False
2,620,0,0,0,0,0,0,0,0,0,0,0,0,0,0,0,0,0,0,0,0,0,0,False,False
2,621,19,0,0,0,0,0,0,0,0,0,0,0,0,0,1,12,5,0,0,0,0,1,True,False
2,622,11,0,0,0,0,0,0,0,0,0,0,0,0,0,2,6,2,0,0,0,0,1,True,False
2,623,78,0,0,1,0,0,0,0,0,0,0,0,0,0,0,14,4,0,1,0,62,3,True,False
2,624,90,0,0,0,3,0,0,0,0,0,0,0,0,0,0,41,10,0,0,0,12,3,True,False
2,625,67,0,0,0,2,0,0,0,0,0,0,0,0,0,1,19,2,1,0,0,25,2,True,False
2,626,0,0,0,0,0,0,0,0,0,0,0,0,0,0,0,0,0,0,0,0,0,0,False,False
2,627,0,0,0,0,0,0,0,0,0,0,0,0,0,0,0,0,0,0,0,0,0,0,False,False
2,628,90,0,0,1,0,0,0,0,0,0,0,0,0,0,1,47,13,0,0,0,78,6,True,False
2,629,90,0,0,1,0,0,0,0,0,0,0,1,0,0,0,32,6,0,0,0,80,8,True,False
2,630,90,0,0,0,4,0,0,0,0,0,0,0,0,0,1,24,3,0,0,0,15,2,True,False
2,631,0,0,0,0,0,0,0,0,0,0,0,0,0,0,0,0,0,0,0,0,0,0,False,False
2,632,90,0,0,0,4,0,0,0,0,0,0,0,0,0,2,45,8,1,0,0,24,4,True,False
2,633,78,0,0,0,1,0,0,0,0,0,0,0,0,0,1,8,2,0,0,0,38,2,True,False
2,634,0,0,0,0,0,0,0,0,0,0,0,0,0,0,0,0,0,0,0,0,0,0,False,False
2,635,72,0,0,0,2,0,0,0,0,0,0,0,0,0,1,33,7,0,0,0,38,3,True,False
2,636,17,0,0,0,0,0,0,0,0,0,0,0,0,0,0,2,2,0,0,0,0,1,True,False
2,637,0,0,0,0,0,0,0,0,0,0,0,0,0,0,0,0,0,0,0,0,0,0,False,False
2,638,0,0,0,0,0,0,0,0,0,0,0,0,0,0,0,0,0,0,0,0,0,0,False,False
2,639,70,0,0,1,0,0,0,0,0,0,0,0,0,0,0,10,2,0,0,0,26,3,True,False
2,640,0,0,0,0,0,0,0,0,0,0,0,0,0,0,0,0,0,0,0,0,0,0,False,False
2,641,90,0,0,0,4,0,0,0,0,0,0,0,0,0,0,24,17,0,0,0,19,2,True,False
2,642,7,0,0,0,1,0,0,0,0,0,0,0,0,0,0,6,0,0,0,0,0,1,True,False
2,643,0,0,0,0,0,0,0,0,0,0,0,0,0,0,0,0,0,0,0,0,0,0,False,False
2,644,28,0,0,0,1,0,0,0,0,0,0,0,0,0,0,4,1,0,0,0,0,1,True,False
2,645,45,0,0,0,2,0,0,0,0,0,0,0,0,0,2,28,1,0,0,0,0,1,True,False
2,646,0,0,0,0,0,0,0,0,0,0,0,0,0,0,0,0,0,0,0,0,0,0,False,False
2,647,45,0,0,0,2,0,0,0,0,0,0,0,0,0,0,4,5,0,0,0,0,1,True,False
2,648,0,0,0,0,0,0,0,0,0,0,0,0,0,0,0,0,0,0,0,0,0,0,False,False
2,649,63,0,0,0,1,0,0,0,0,0,0,0,0,0,0,8,1,0,0,0,63,2,True,False
2,650,0,0,0,0,0,0,0,0,0,0,0,0,0,0,0,0,0,0,0,0,0,0,False,False
2,651,90,0,0,0,1,0,0,0,0,0,0,0,0,0,0,9,1,0,1,0,39,2,True,False
2,652,0,0,0,0,0,0,0,0,0,0,0,0,0,0,0,0,0,0,0,0,0,0,False,False
2,653,0,0,0,0,0,0,0,0,0,0,0,0,0,0,0,0,0,0,0,0,0,0,False,False
2,654,81,0,0,1,0,0,0,0,0,0,0,0,0,0,2,33,6,0,0,0,55,7,True,False
2,655,82,0,0,0,3,0,0,0,0,0,0,0,0,0,0,18,10,0,0,0,27,2,True,False
2,656,8,0,0,0,0,0,0,0,0,0,0,0,0,0,0,2,0,0,0,0,0,1,True,False
2,657,23,0,0,0,0,0,0,0,0,0,0,0,0,0,0,7,1,0,0,0,0,1,True,False
2,658,33,0,0,0,0,0,0,0,0,0,0,0,0,0,0,39,2,1,0,0,0,1,True,False
2,659,0,0,0,0,0,0,0,0,0,0,0,0,0,0,0,0,0,0,0,0,0,0,False,False
2,660,30,0,0,0,1,0,0,0,0,0,0,0,0,0,1,8,2,0,0,0,0,1,True,False
2,661,90,0,0,0,4,0,0,0,0,0,0,0,0,0,0,17,2,0,0,1,49,2,True,False
2,662,90,0,0,0,4,0,0,0,0,0,0,0,0,0,1,44,11,0,0,0,33,4,True,False
2,663,32,0,0,0,0,0,0,0,0,0,0,0,0,0,0,16,1,0,0,0,0,1,True,False
2,664,31,0,0,0,0,0,0,0,0,0,0,0,0,0,0,15,3,0,0,0,0,1,True,False
2,665,8,0,0,0,0,0,0,0,0,0,0,0,0,0,0,3,0,0,0,0,0,1,True,False
2,666,11,0,0,0,0,0,0,0,0,0,0,0,0,0,0,3,0,0,0,0,0,1,True,False
3,1,45,0,0,0,1,0,0,0,0,0,0,0,0,0,2,22,4,0,0,0,47,1,True,False
3,2,0,0,0,0,0,0,0,0,0,0,0,0,0,0,0,0,0,0,0,0,0,0,False,False
3,3,0,0,0,0,0,0,0,0,0,0,0,0,0,0,0,0,0,0,0,0,0,0,False,False
3,4,90,0,0,0,1,0,0,0,0,0,0,0,0,0,2,17,14,0,0,0,56,3,True,False
3,5,90,0,0,0,1,0,0,0,0,0,0,2,0,0,0,40,11,0,0,0,72,6,True,False
3,6,90,0,0,0,1,0,0,0,0,0,0,0,0,0,0,38,3,0,0,0,53,2,True,False
3,7,59,0,0,0,1,0,0,0,0,0,0,0,0,0,1,40,2,0,0,0,40,2,True,False
3,8,0,0,0,0,0,0,0,0,0,0,0,0,0,0,0,0,0,0,0,0,0,0,False,False
3,9,6,0,0,0,0,0,0,0,0,0,0,0,0,0,0,10,2,0,0,0,0,1,True,False
3,10,45,0,0,0,1,0,0,0,0,0,0,0,0,0,1,28,4,0,0,0,63,1,True,False
3,11,0,0,0,0,0,0,0,0,0,0,0,0,0,0,0,0,0,0,0,0,0,0,False,False
3,12,87,0,0,0,1,0,0,0,0,0,0,0,0,0,0,31,10,0,0,0,63,3,True,False
3,13,90,0,1,0,1,0,0,0,0,0,0,0,0,0,1,27,10,0,0,0,69,6,True,False
3,14,0,0,0,0,0,0,0,0,1,0,0,0,0,0,0,0,0,0,0,0,0,-1,False,False
3,15,0,0,0,0,0,0,0,0,0,0,0,0,0,0,0,0,0,0,0,0,0,0,False,False
3,16,0,0,0,0,0,0,0,0,0,0,0,0,0,0,0,0,0,0,0,0,0,0,False,False
3,17,0,0,0,0,0,0,0,0,0,0,0,0,0,0,0,0,0,0,0,0,0,0,False,False
3,18,0,0,0,0,0,0,0,0,0,0,0,0,0,0,0,0,0,0,0,0,0,0,False,False
3,19,0,0,0,0,0,0,0,0,0,0,0,0,0,0,0,0,0,0,0,0,0,0,False,False
3,20,90,0,0,0,1,0,0,0,0,0,6,1,0,0,0,29,13,0,0,0,82,7,True,False
3,21,24,0,0,0,0,0,0,0,0,0,0,0,0,0,0,6,4,0,0,0,0,1,True,False
3,22,90,0,0,0,1,0,0,0,0,0,0,0,0,0,1,37,14,0,0,0,36,4,True,False
3,23,0,0,0,0,0,0,0,0,0,0,0,0,0,0,0,0,0,0,0,0,0,0,False,False
3,24,90,0,1,0,1,0,0,0,0,0,0,0,0,0,0,11,1,1,0,1,78,5,True,False
3,25,84,1,0,0,1,0,0,0,0,0,0,0,1,0,0,31,6,1,0,0,74,9,True,False
3,26,90,0,0,0,1,0,0,0,0,0,0,0,0,0,0,18,4,0,1,0,48,2,True,False
3,27,0,0,0,0,0,0,0,0,0,0,0,0,0,0,0,0,0,0,0,0,0,0,False,False
3,28,90,0,0,0,1,0,0,0,1,0,0,0,0,0,0,36,10,0,0,0,32,2,True,False
3,29,0,0,0,0,0,0,0,0,0,0,0,0,0,0,0,0,0,0,0,0,0,0,False,False
3,30,0,0,0,0,0,0,0,0,0,0,0,0,0,0,0,0,0,0,0,0,0,0,False,False
3,31,0,0,0,0,0,0,0,0,0,0,0,0,0,0,0,0,0,0,0,0,0,0,False,False
3,32,0,0,0,0,0,0,0,0,0,0,0,0,0,0,0,0,0,0,0,0,0,0,False,False
3,33,90,0,0,0,1,0,0,0,0,0,0,0,0,0,0,23,7,0,0,0,42,3,True,False
3,34,0,0,0,0,0,0,0,0,0,0,0,0,0,0,0,0,0,0,0,0,0,0,False,False
3,35,0,0,0,0,0,0,0,0,0,0,0,0,0,0,0,0,0,0,0,0,0,0,False,False
3,36,0,0,0,0,0,0,0,0,0,0,0,0,0,0,0,0,0,0,0,0,0,0,False,False
3,37,0,0,0,0,0,0,0,0,0,0,0,0,0,0,0,0,0,0,0,0,0,0,False,False
3,38,0,0,0,0,0,0,0,0,0,0,0,0,0,0,0,0,0,0,0,0,0,0,False,False
3,39,0,0,0,0,0,0,0,0,0,0,0,0,0,0,0,0,0,0,0,0,0,0,False,False
3,40,84,0,0,0,1,0,0,0,0,0,0,0,0,0,1,14,4,0,0,0,34,2,True,False
3,41,5,0,0,0,0,0,0,0,0,0,0,0,0,0,0,1,0,0,0,0,0,1,True,False
3,42,0,0,0,0,0,0,0,0,0,0,0,0,0,0,0,0,0,0,0,0,0,0,False,False
3,43,0,0,0,0,0,0,0,0,0,0,0,0,0,0,0,0,0,0,0,0,0,0,False,False
3,44,0,0,0,0,0,0,0,0,0,0,0,0,0,0,0,0,0,0,0,0,0,0,False,False
3,45,0,0,0,0,0,0,0,0,0,0,0,0,0,0,0,0,0,0,0,0,0,0,False,False
3,46,0,0,0,0,0,0,0,0,0,0,0,0,0,0,0,0,0,0,0,0,0,0,False,False
3,47,69,0,0,0,1,0,0,0,1,0,0,0,0,0,3,9,4,1,0,0,37,2,True,False
3,48,80,0,0,0,1,0,0,0,0,0,0,0,0,0,2,54,4,0,0,0,38,3,True,False
3,49,63,0,0,1,0,0,0,0,0,0,0,0,0,0,1,19,1,0,0,0,25,3,True,False
3,50,0,0,0,0,0,0,0,0,0,0,0,0,0,0,0,0,0,0,0,0,0,0,False,False
3,51,90,0,0,0,1,0,0,0,0,0,3,0,0,0,0,19,10,0,0,0,78,4,True,False
3,52,0,0,0,0,0,0,0,0,0,0,0,0,0,0,0,0,0,0,0,0,0,0,False,False
3,53,26,0,0,0,1,0,0,0,0,0,0,0,0,0,1,6,0,0,0,0,0,1,True,False
3,54,0,0,0,0,0,0,0,0,0,0,0,0,0,0,0,0,0,0,0,0,0,0,False,False
3,55,0,0,0,0,0,0,0,0,0,0,0,0,0,0,0,0,0,0,0,0,0,0,False,False
3,56,90,0,1,0,1,0,0,0,0,0,0,0,0,0,2,53,13,0,1,0,64,9,True,False
3,57,9,1,0,0,0,0,0,0,0,0,0,0,0,0,0,1,1,1,0,0,0,6,True,False
3,58,0,0,0,0,0,0,0,0,0,0,0,0,0,0,0,0,0,0,0,0,0,0,False,False
3,59,0,0,0,0,0,0,0,0,0,0,0,0,0,0,0,0,0,0,0,0,0,0,False,False
3,60,0,0,0,0,0,0,0,0,0,0,0,0,0,0,0,0,0,0,0,0,0,0,False,False
3,61,0,0,0,0,0,0,0,0,0,0,0,0,0,0,0,0,0,0,0,0,0,0,False,False
3,62,0,0,0,0,0,0,0,0,0,0,0,0,0,0,0,0,0,0,0,0,0,0,False,False
3,63,0,0,0,0,0,0,0,0,0,0,0,0,0,0,0,0,0,0,0,0,0,0,False,False
3,64,0,0,0,0,0,0,0,0,0,0,0,0,0,0,0,0,0,0,0,0,0,0,False,False
3,65,0,0,0,0,0,0,0,0,0,0,0,0,0,0,0,0,0,0,0,0,0,0,False,False
3,66,0,0,0,0,0,0,0,0,0,0,0,0,0,0,0,0,0,0,0,0,0,0,False,False
3,67,0,0,0,0,0,0,0,0,0,0,0,0,0,0,0,0,0,0,0,0,0,0,False,False
3,68,0,0,0,0,0,0,0,0,0,0,0,0,0,0,0,0,0,0,0,0,0,0,False,False
3,69,80,0,0,0,1,0,0,0,0,0,0,0,0,0,1,30,7,0,0,0,37,3,True,False
3,70,0,0,0,0,0,0,0,0,0,0,0,0,0,0,0,0,0,0,0,0,0,0,False,False
3,71,0,0,0,0,0,0,0,0,0,0,0,0,0,0,0,0,0,0,0,0,0,0,False,False
3,72,9,0,0,0,0,0,0,0,0,0,0,0,0,0,0,4,0,0,0,0,0,1,True,False
3,73,0,0,0,0,0,0,0,0,0,0,0,0,0,0,0,0,0,0,0,0,0,0,False,False
3,74,0,0,0,0,0,0,0,0,0,0,0,0,0,0,0,0,0,0,0,0,0,0,False,False
3,75,0,0,0,0,0,0,0,0,0,0,0,0,0,0,0,0,0,0,0,0,0,0,False,False
3,76,0,0,0,0,0,0,0,0,0,0,0,0,0,0,0,0,0,0,0,0,0,0,False,False
3,77,0,0,0,0,0,0,0,0,0,0,0,0,0,0,0,0,0,0,0,0,0,0,False,False
3,78,0,0,0,0,0,0,0,0,0,0,0,0,0,0,0,0,0,0,0,0,0,0,False,False
3,79,90,0,0,0,1,0,0,0,0,0,0,0,0,0,0,35,5,0,0,0,41,2,True,False
3,80,0,0,0,0,0,0,0,0,0,0,0,0,0,0,0,0,0,0,0,0,0,0,False,False
3,81,0,0,0,0,0,0,0,0,0,0,0,0,0,0,0,0,0,0,0,0,0,0,False,False
3,82,0,0,0,0,0,0,0,0,0,0,0,0,0,0,0,0,0,0,0,0,0,0,False,False
3,83,0,0,0,0,0,0,0,0,0,0,0,0,0,0,0,0,0,0,0,0,0,0,False,False
3,84,0,0,0,0,0,0,0,0,0,0,0,0,0,0,0,0,0,0,0,0,0,0,False,False
3,85,0,0,0,0,0,0,0,0,0,0,0,0,0,0,0,0,0,0,0,0,0,0,False,False
3,86,0,0,0,0,0,0,0,0,0,0,0,0,0,0,0,0,0,0,0,0,0,0,False,False
3,87,0,0,0,0,0,0,0,0,0,0,0,0,0,0,0,0,0,0,0,0,0,0,False,False
3,88,0,0,0,0,0,0,0,0,0,0,0,0,0,0,0,0,0,0,0,0,0,0,False,False
3,89,0,0,0,0,0,0,0,0,0,0,0,0,0,0,0,0,0,0,0,0,0,0,False,False
3,90,86,0,0,0,1,0,0,0,0,0,0,0,0,0,1,24,7,0,0,0,53,3,True,False
3,91,0,0,0,0,0,0,0,0,0,0,0,0,0,0,0,0,0,0,0,0,0,0,False,False
3,92,0,0,0,0,0,0,0,0,0,0,0,0,0,0,0,0,0,0,0,0,0,0,False,False
3,93,0,0,0,0,0,0,0,0,0,0,0,0,0,0,0,0,0,0,0,0,0,0,False,False
3,94,57,0,0,0,1,0,0,0,0,1,0,0,0,0,2,19,2,0,0,0,22,-2,True,False
3,95,0,0,0,0,0,0,0,0,0,0,0,0,0,0,0,0,0,0,0,0,0,0,False,False
3,96,0,0,0,0,0,0,0,0,0,0,0,0,0,0,0,0,0,0,0,0,0,0,False,False
3,97,0,0,0,0,0,0,0,0,0,0,0,0,0,0,0,0,0,0,0,0,0,0,False,False
3,98,0,0,0,0,0,0,0,0,0,0,0,0,0,0,0,0,0,0,0,0,0,0,False,False
3,99,0,0,0,0,0,0,0,0,0,0,0,0,0,0,0,0,0,0,0,0,0,0,False,False
3,100,0,0,0,0,0,0,0,0,0,0,0,0,0,0,0,0,0,0,0,0,0,0,False,False
3,101,0,0,0,0,0,0,0,0,0,0,0,0,0,0,0,0,0,0,0,0,0,0,False,False
3,102,0,0,0,0,0,0,0,0,0,0,0,0,0,0,0,0,0,0,0,0,0,0,False,False
3,103,0,0,0,0,0,0,0,0,0,0,0,0,0,0,0,0,0,0,0,0,0,0,False,False
3,104,0,0,0,0,0,0,0,0,0,0,0,0,0,0,0,0,0,0,0,0,0,0,False,False
3,105,0,0,0,0,0,0,0,0,0,0,0,0,0,0,0,0,0,0,0,0,0,0,False,False
3,106,0,0,0,0,0,0,0,0,0,0,0,0,0,0,0,0,0,0,0,0,0,0,False,False
3,107,0,0,0,0,0,0,0,0,0,0,0,0,0,0,0,0,0,0,0,0,0,0,False,False
3,108,0,0,0,0,0,0,0,0,0,0,0,0,0,0,0,0,0,0,0,0,0,0,False,False
3,109,0,0,0,0,0,0,0,0,0,0,0,0,0,0,0,0,0,0,0,0,0,0,False,False
3,110,0,0,0,0,0,0,0,0,0,0,0,0,0,0,0,0,0,0,0,0,0,0,False,False
3,111,0,0,0,0,0,0,0,0,0,0,0,0,0,0,0,0,0,0,0,0,0,0,False,False
3,112,0,0,0,0,0,0,0,0,0,0,0,0,0,0,0,0,0,0,0,0,0,0,False,False
3,113,10,0,0,0,1,0,0,0,0,0,0,0,0,0,0,4,2,0,0,0,0,1,True,False
3,114,0,0,0,0,0,0,0,0,0,0,0,0,0,0,0,0,0,0,0,0,0,0,False,False
3,115,0,0,0,0,0,0,0,0,0,0,0,0,0,0,0,0,0,0,0,0,0,0,False,False
3,116,0,0,0,0,0,0,0,0,0,0,0,0,0,0,0,0,0,0,0,0,0,0,False,False
3,117,0,0,0,0,0,0,0,0,0,0,0,0,0,0,0,0,0,0,0,0,0,0,False,False
3,118,10,0,0,0,0,0,0,0,1,0,0,0,0,0,0,5,1,0,0,0,0,0,True,False
3,119,0,0,0,0,0,0,0,0,0,0,0,0,0,0,0,0,0,0,0,0,0,0,False,False
3,120,0,0,0,0,0,0,0,0,0,0,0,0,0,0,0,0,0,0,0,0,0,0,False,False
3,121,0,0,0,0,0,0,0,0,0,0,0,0,0,0,0,0,0,0,0,0,0,0,False,False
3,122,3,0,0,0,0,0,0,0,0,0,0,0,0,0,0,4,1,0,0,0,0,1,True,False
3,123,0,0,0,0,0,0,0,0,0,0,0,0,0,0,0,0,0,0,0,0,0,0,False,False
3,124,0,0,0,0,0,0,0,0,0,0,0,0,0,0,0,0,0,0,0,0,0,0,False,False
3,125,0,0,0,0,0,0,0,0,0,0,0,0,0,0,0,0,0,0,0,0,0,0,False,False
3,126,0,0,0,0,0,0,0,0,0,0,0,0,0,0,0,0,0,0,0,0,0,0,False,False
3,127,0,0,0,0,0,0,0,0,0,0,0,0,0,0,0,0,0,0,0,0,0,0,False,False
3,128,0,0,0,0,0,0,0,0,0,0,0,0,0,0,0,0,0,0,0,0,0,0,False,False
3,129,70,0,0,0,1,0,0,0,0,0,0,0,0,0,0,16,5,0,0,0,44,2,True,False
3,130,0,0,0,0,0,0,0,0,0,0,0,0,0,0,0,0,0,0,0,0,0,0,False,False
3,131,0,0,0,0,0,0,0,0,0,0,0,0,0,0,0,0,0,0,0,0,0,0,False,False
3,132,0,0,0,0,0,0,0,0,0,0,0,0,0,0,0,0,0,0,0,0,0,0,False,False
3,133,3,0,0,0,0,0,0,0,0,0,0,0,0,0,0,2,0,0,0,0,0,1,True,False
3,134,0,0,0,0,0,0,0,0,0,0,0,0,0,0,0,0,0,0,0,0,0,0,False,False
3,135,90,0,0,0,1,0,0,0,1,0,0,0,0,0,2,41,9,1,0,1,71,3,True,False
3,136,90,0,0,0,1,0,0,0,0,0,0,0,0,0,2,41,12,0,0,0,52,5,True,False
3,137,10,0,0,0,0,0,0,0,0,0,0,0,0,0,0,10,1,1,0,1,0,1,True,False
3,138,86,0,0,0,1,0,0,0,0,0,0,0,0,0,0,49,6,1,1,0,56,4,True,False
3,139,90,0,1,0,1,0,0,0,0,0,0,2,0,0,2,50,7,0,1,0,86,9,True,False
3,140,0,0,0,0,0,0,0,0,0,0,0,0,0,0,0,0,0,0,0,0,0,0,False,False
3,141,0,0,0,0,0,0,0,0,0,0,0,0,0,0,0,0,0,0,0,0,0,0,False,False
3,142,90,0,0,0,1,0,0,0,0,0,0,0,0,0,0,24,4,1,0,0,60,2,True,False
3,143,0,0,0,0,0,0,0,0,0,0,0,0,0,0,0,0,0,0,0,0,0,0,False,False
3,144,0,0,0,0,0,0,0,0,0,0,0,0,0,0,0,0,0,0,0,0,0,0,False,False
3,145,0,0,0,0,0,0,0,0,1,0,0,0,0,0,0,0,0,0,0,0,0,-1,False,False
3,146,17,0,0,0,0,0,0,0,0,0,0,0,0,0,2,3,3,0,0,0,0,1,True,False
3,147,85,0,0,1,0,0,0,0,0,0,0,0,0,0,1,36,11,0,1,0,48,4,True,False
3,148,0,0,0,0,0,0,0,0,0,0,0,0,0,0,0,0,0,0,0,0,0,0,False,False
3,149,0,0,0,0,0,0,0,0,0,0,0,0,0,0,0,0,0,0,0,0,0,0,False,False
3,150,0,0,0,0,0,0,0,0,0,0,0,0,0,0,0,0,0,0,0,0,0,0,False,False
3,151,90,0,0,1,0,0,0,0,0,0,0,0,0,0,1,31,5,1,0,0,23,3,True,False
3,152,0,0,0,0,0,0,0,0,0,0,0,0,0,0,0,0,0,0,0,0,0,0,False,False
3,153,90,0,0,1,0,0,0,0,0,0,0,0,0,0,0,14,5,0,0,1,37,3,True,False
3,154,0,0,0,0,0,0,0,0,0,0,0,0,0,0,0,0,0,0,0,0,0,0,False,False
3,155,0,0,0,0,0,0,0,0,0,0,0,0,0,0,0,0,0,0,0,0,0,0,False,False
3,156,12,0,0,0,0,0,0,0,0,0,0,0,0,0,0,2,0,1,0,0,0,1,True,False
3,157,90,0,0,1,0,0,0,0,0,0,0,0,0,0,0,30,14,0,0,0,27,8,True,False
3,158,17,0,0,0,0,0,0,0,0,0,0,0,0,0,0,4,3,0,0,0,0,1,True,False
3,159,4,0,0,0,0,0,0,0,0,0,0,0,0,0,0,1,3,0,0,0,0,1,True,False
3,160,77,0,0,1,0,0,0,0,0,0,0,0,0,0,1,16,3,0,0,0,26,3,True,False
3,161,90,0,0,1,0,0,0,0,0,0,6,2,0,0,0,34,19,0,0,0,92,13,True,True
3,162,0,0,0,0,0,0,0,0,0,0,0,0,0,0,0,0,0,0,0,0,0,0,False,False
3,163,0,0,0,0,0,0,0,0,0,0,0,0,0,0,0,0,0,0,0,0,0,0,False,False
3,164,90,0,0,1,0,0,0,0,0,0,0,0,0,0,1,23,5,0,0,0,24,3,True,False
3,165,0,0,0,0,0,0,0,0,0,0,0,0,0,0,0,0,0,0,0,0,0,0,False,False
3,166,0,0,0,0,0,0,0,0,0,0,0,0,0,0,0,0,0,0,0,0,0,0,False,False
3,167,0,0,0,0,0,0,0,0,0,0,0,0,0,0,0,0,0,0,0,0,0,0,False,False
3,168,85,0,0,1,0,0,0,0,0,0,0,0,0,0,0,25,13,1,0,0,35,8,True,False
3,169,0,0,0,0,0,0,0,0,0,0,0,0,0,0,0,0,0,0,0,0,0,0,False,False
3,170,0,0,0,0,0,0,0,0,0,0,0,0,0,0,0,0,0,0,0,0,0,0,False,False
3,171,0,0,0,0,0,0,0,0,0,0,0,0,0,0,0,0,0,0,0,0,0,0,False,False
3,172,0,0,0,0,0,0,0,0,0,0,0,0,0,0,0,0,0,0,0,0,0,0,False,False
3,173,0,0,0,0,0,0,0,0,0,0,0,0,0,0,0,0,0,0,0,0,0,0,False,False
3,174,0,0,0,0,0,0,0,0,0,0,0,0,0,0,0,0,0,0,0,0,0,0,False,False
3,175,0,0,0,0,0,0,0,0,0,0,0,0,0,0,0,0,0,0,0,0,0,0,False,False
3,176,0,0,0,0,0,0,0,0,0,0,0,0,0,0,0,0,0,0,0,0,0,0,False,False
3,177,90,0,0,0,1,0,0,0,0,0,0,0,0,0,0,13,3,0,0,0,32,2,True,False
3,178,0,0,0,0,0,0,0,0,0,0,0,0,0,0,0,0,0,0,0,0,0,0,False,False
3,179,0,0,0,0,0,0,0,0,0,0,0,0,0,0,0,0,0,0,0,0,0,0,False,False
3,180,0,0,0,0,0,0,0,0,0,0,0,0,0,0,0,0,0,0,0,0,0,0,False,False
3,181,0,0,0,0,0,0,0,0,0,0,0,0,0,0,0,0,0,0,0,0,0,0,False,False
3,182,0,0,0,0,0,0,0,0,0,0,0,0,0,0,0,0,0,0,0,0,0,0,False,False
3,183,0,0,0,0,0,0,0,0,0,0,0,0,0,0,0,0,0,0,0,0,0,0,False,False
3,184,0,0,0,0,0,0,0,0,0,0,0,0,0,0,0,0,0,0,0,0,0,0,False,False
3,185,0,0,0,0,0,0,0,0,0,0,0,0,0,0,0,0,0,0,0,0,0,0,False,False
3,186,0,0,0,0,0,0,0,0,0,0,0,0,0,0,0,0,0,0,0,0,0,0,False,False
3,187,0,0,0,0,0,0,0,0,0,0,0,0,0,0,0,0,0,0,0,0,0,0,False,False
3,188,0,0,0,0,0,0,0,0,0,0,0,0,0,0,0,0,0,0,0,0,0,0,False,False
3,189,0,0,0,0,0,0,0,0,0,0,0,0,0,0,0,0,0,0,0,0,0,0,False,False
3,190,0,0,0,0,0,0,0,0,0,0,0,0,0,0,0,0,0,0,0,0,0,0,False,False
3,191,0,0,0,0,0,0,0,0,0,0,0,0,0,0,0,0,0,0,0,0,0,0,False,False
3,192,0,0,0,0,0,0,0,0,0,0,0,0,0,0,0,0,0,0,0,0,0,0,False,False
3,193,30,0,0,0,0,0,0,0,0,0,0,0,0,0,1,8,0,0,0,0,0,1,True,False
3,194,0,0,0,0,0,0,0,0,0,0,0,0,0,0,0,0,0,0,0,0,0,0,False,False
3,195,0,0,0,0,0,0,0,0,0,0,0,0,0,0,0,0,0,0,0,0,0,0,False,False
3,196,0,0,0,0,0,0,0,0,0,0,0,0,0,0,0,0,0,0,0,0,0,0,False,False
3,197,0,0,0,0,0,0,0,0,0,0,0,0,0,0,0,0,0,0,0,0,0,0,False,False
3,198,0,0,0,0,0,0,0,0,0,0,0,0,0,0,0,0,0,0,0,0,0,0,False,False
3,199,0,0,0,0,0,0,0,0,0,0,0,0,0,0,0,0,0,0,0,0,0,0,False,False
3,200,0,0,0,0,0,0,0,0,0,0,0,0,0,0,0,0,0,0,0,0,0,0,False,False
3,201,0,0,0,0,0,0,0,0,0,0,0,0,0,0,0,0,0,0,0,0,0,0,False,False
3,202,0,0,0,0,0,0,0,0,0,0,0,0,0,0,0,0,0,0,0,0,0,0,False,False
3,203,0,0,0,0,0,0,0,0,0,0,0,0,0,0,0,0,0,0,0,0,0,0,False,False
3,204,0,0,0,0,0,0,0,0,0,0,0,0,0,0,0,0,0,0,0,0,0,0,False,False
3,205,0,0,0,0,0,0,0,0,0,0,0,0,0,0,0,0,0,0,0,0,0,0,False,False
3,206,0,0,0,0,0,0,0,0,0,0,0,0,0,0,0,0,0,0,0,0,0,0,False,False
3,207,0,0,0,0,0,0,0,0,0,0,0,0,0,0,0,0,0,0,0,0,0,0,False,False
3,208,0,0,0,0,0,0,0,0,0,0,0,0,0,0,0,0,0,0,0,0,0,0,False,False
3,209,0,0,0,0,0,0,0,0,0,0,0,0,0,0,0,0,0,0,0,0,0,0,False,False
3,210,0,0,0,0,0,0,0,0,0,0,0,0,0,0,0,0,0,0,0,0,0,0,False,False
3,211,0,0,0,0,0,0,0,0,0,0,0,0,0,0,0,0,0,0,0,0,0,0,False,False
3,212,0,0,0,0,0,0,0,0,0,0,0,0,0,0,0,0,0,0,0,0,0,0,False,False
3,213,0,0,0,0,0,0,0,0,0,0,0,0,0,0,0,0,0,0,0,0,0,0,False,False
3,214,2,0,0,0,0,0,0,0,0,0,0,0,0,0,0,4,1,0,0,0,0,1,True,False
3,215,0,0,0,0,0,0,0,0,0,0,0,0,0,0,0,0,0,0,0,0,0,0,False,False
3,216,0,0,0,0,0,0,0,0,0,0,0,0,0,0,0,0,0,0,0,0,0,0,False,False
3,217,45,0,0,0,3,0,0,0,0,0,0,0,0,0,2,18,5,0,0,0,0,0,True,False
3,218,90,0,0,0,3,0,0,0,0,0,0,0,0,0,1,54,13,0,0,0,30,4,True,False
3,219,0,0,0,0,0,0,0,0,0,0,0,0,0,0,0,0,0,0,0,0,0,0,False,False
3,220,0,0,0,0,0,0,0,0,0,0,0,0,0,0,0,0,0,0,0,0,0,0,False,False
3,221,0,0,0,0,0,0,0,0,0,0,0,0,0,0,0,0,0,0,0,0,0,0,False,False
3,222,0,0,0,0,0,0,0,0,0,0,0,0,0,0,0,0,0,0,0,0,0,0,False,False
3,223,0,0,0,0,0,0,0,0,0,0,0,0,0,0,0,0,0,0,0,0,0,0,False,False
3,224,90,1,0,0,3,0,0,0,0,0,0,0,0,0,0,57,3,2,0,0,73,8,True,False
3,225,0,0,0,0,0,0,0,0,0,0,0,0,0,0,0,0,0,0,0,0,0,0,False,False
3,226,0,0,0,0,0,0,0,0,0,0,0,0,0,0,0,0,0,0,0,0,0,0,False,False
3,227,0,0,0,0,0,0,0,0,0,0,0,0,0,0,0,0,0,0,0,0,0,0,False,False
3,228,0,0,0,0,0,0,0,0,0,0,0,0,0,0,0,0,0,0,0,0,0,0,False,False
3,229,90,0,0,0,3,0,0,0,0,0,0,0,0,0,0,36,12,0,0,0,34,3,True,False
3,230,0,0,0,0,0,0,0,0,0,0,0,0,0,0,0,0,0,0,0,0,0,0,False,False
3,231,0,0,0,0,0,0,0,0,0,0,0,0,0,0,0,0,0,0,0,0,0,0,False,False
3,232,22,0,0,0,3,0,0,0,0,0,0,0,0,0,0,7,3,0,0,0,0,1,True,False
3,233,45,0,0,0,0,0,0,0,0,0,0,0,0,0,1,18,3,0,0,0,62,1,True,False
3,234,0,0,0,0,0,0,0,0,0,0,0,0,0,0,0,0,0,0,0,0,0,0,False,False
3,235,51,0,0,0,0,0,0,0,0,0,0,0,0,0,0,9,0,1,0,0,58,1,True,False
3,236,0,0,0,0,0,0,0,0,0,0,0,0,0,0,0,0,0,0,0,0,0,0,False,False
3,237,0,0,0,0,0,0,0,0,0,0,0,0,0,0,0,0,0,0,0,0,0,0,False,False
3,238,0,0,0,0,0,0,0,0,0,0,0,0,0,0,0,0,0,0,0,0,0,0,False,False
3,239,0,0,0,0,0,0,0,0,0,0,0,0,0,0,0,0,0,0,0,0,0,0,False,False
3,240,86,0,0,0,2,0,0,0,1,0,0,0,0,0,0,19,4,0,0,0,48,1,True,False
3,241,0,0,0,0,0,0,0,0,0,0,0,0,0,0,0,0,0,0,0,0,0,0,False,False
3,242,90,0,0,0,2,0,0,0,0,0,0,2,0,0,4,66,9,0,1,0,85,7,True,False
3,243,0,0,0,0,0,0,0,0,0,0,0,0,0,0,0,0,0,0,0,0,0,0,False,False
3,244,90,1,0,0,3,0,0,0,0,0,0,3,0,0,1,69,8,1,0,0,88,12,True,True
3,245,90,0,0,0,3,0,0,0,0,0,0,0,0,0,1,32,6,0,0,0,25,2,True,False
3,246,0,0,0,0,0,0,0,0,0,0,0,0,0,0,0,0,0,0,0,0,0,0,False,False
3,247,90,0,0,0,3,0,0,0,0,0,6,0,0,0,0,16,11,0,0,0,30,4,True,False
3,248,0,0,0,0,0,0,0,0,0,0,0,0,0,0,0,0,0,0,0,0,0,0,False,False
3,249,67,0,1,1,0,0,0,0,0,0,0,2,0,0,2,19,4,0,0,0,86,8,True,False
3,250,0,0,0,0,0,0,0,0,0,0,0,0,0,0,0,0,0,0,0,0,0,0,False,False
3,251,0,0,0,0,0,0,0,0,0,0,0,0,0,0,0,0,0,0,0,0,0,0,False,False
3,252,0,0,0,0,0,0,0,0,0,0,0,0,0,0,0,0,0,0,0,0,0,0,False,False
3,253,0,0,0,0,0,0,0,0,0,0,0,0,0,0,0,0,0,0,0,0,0,0,False,False
3,254,0,0,0,0,0,0,0,0,0,0,0,0,0,0,0,0,0,0,0,0,0,0,False,False
3,255,0,0,0,0,0,0,0,0,0,0,0,0,0,0,0,0,0,0,0,0,0,0,False,False
3,256,0,0,0,0,0,0,0,0,0,0,0,0,0,0,0,0,0,0,0,0,0,0,False,False
3,257,0,0,0,0,0,0,0,0,0,0,0,0,0,0,0,0,0,0,0,0,0,0,False,False
3,258,45,0,0,0,1,0,0,0,0,0,0,0,0,0,0,24,7,0,0,0,45,2,True,False
3,259,0,0,0,0,0,0,0,0,0,0,0,0,0,0,0,0,0,0,0,0,0,0,False,False
3,260,0,0,0,0,0,0,0,0,0,0,0,0,0,0,0,0,0,0,0,0,0,0,False,False
3,261,90,0,0,0,2,0,0,0,0,0,0,0,0,0,1,50,5,0,1,0,65,3,True,False
3,262,0,0,0,0,0,0,0,0,0,0,0,0,0,0,0,0,0,0,0,0,0,0,False,False
3,263,0,0,0,0,0,0,0,0,0,0,0,0,0,0,0,0,0,0,0,0,0,0,False,False
3,264,45,0,0,0,1,0,0,0,0,0,0,0,0,0,2,18,3,0,0,0,0,1,True,False
3,265,29,0,0,0,0,0,0,0,0,0,0,0,0,0,0,19,1,0,0,0,0,1,True,False
3,266,0,0,0,0,0,0,0,0,0,0,0,0,0,0,0,0,0,0,0,0,0,0,False,False
3,267,0,0,0,0,0,0,0,0,0,0,0,0,0,0,0,0,0,0,0,0,0,0,False,False
3,268,0,0,0,0,0,0,0,0,0,0,0,0,0,0,0,0,0,0,0,0,0,0,False,False
3,269,45,0,1,0,1,0,0,0,1,0,0,0,0,0,0,10,1,0,0,0,74,3,True,False
3,270,0,0,0,0,0,0,0,0,0,0,0,0,0,0,0,0,0,0,0,0,0,0,False,False
3,271,0,0,0,0,0,0,0,0,0,0,0,0,0,0,0,0,0,0,0,0,0,0,False,False
3,272,72,0,0,0,2,0,0,0,0,0,0,0,0,0,0,20,6,0,0,0,70,2,True,False
3,273,30,0,0,0,0,0,0,0,0,0,0,0,0,0,0,3,2,1,0,2,0,0,True,False
3,274,5,0,0,0,0,0,0,0,0,0,0,0,0,0,0,4,2,0,0,0,0,1,True,False
3,275,0,0,0,0,0,0,0,0,0,0,0,0,0,0,0,0,0,0,0,0,0,0,False,False
3,276,0,0,0,0,0,0,0,0,0,0,0,0,0,0,0,0,0,0,0,0,0,0,False,False
3,277,0,0,0,0,0,0,0,0,0,0,0,0,0,0,0,0,0,0,0,0,0,0,False,False
3,278,0,0,0,0,0,0,0,0,0,0,0,0,0,0,0,0,0,0,0,0,0,0,False,False
3,279,0,0,0,0,0,0,0,0,0,0,0,0,0,0,0,0,0,0,0,0,0,0,False,False
3,280,45,0,0,0,1,0,0,0,1,0,0,0,0,0,0,22,4,0,0,0,0,0,True,False
3,281,0,0,0,0,0,0,0,0,0,0,0,0,0,0,0,0,0,0,0,0,0,0,False,False
3,282,90,0,0,0,2,0,0,0,0,0,0,0,0,0,0,13,7,0,0,0,39,1,True,False
3,283,17,0,0,0,0,0,0,0,0,0,0,0,0,0,0,1,5,0,0,0,0,1,True,False
3,284,0,0,0,0,0,0,0,0,0,0,0,0,0,0,0,0,0,0,0,0,0,0,False,False
3,285,0,0,0,0,0,0,0,0,0,0,0,0,0,0,0,0,0,0,0,0,0,0,False,False
3,286,90,0,0,0,2,0,0,0,1,0,0,0,0,0,2,38,4,0,0,0,45,0,True,False
3,287,0,0,0,0,0,0,0,0,0,0,0,0,0,0,0,0,0,0,0,0,0,0,False,False
3,288,90,0,1,0,2,0,0,0,0,0,0,0,0,0,0,51,10,0,0,0,76,6,True,False
3,289,0,0,0,0,0,0,0,0,0,0,0,0,0,0,0,0,0,0,0,0,0,0,False,False
3,290,90,0,1,0,2,0,0,0,0,0,0,1,0,0,0,34,5,1,0,2,84,5,True,False
3,291,84,3,0,0,2,0,0,0,0,0,0,3,1,1,1,25,3,3,0,0,100,23,True,True
3,292,0,0,0,0,0,0,0,0,0,0,0,0,0,0,0,0,0,0,0,0,0,0,False,False
3,293,59,0,0,0,2,0,0,0,0,0,0,0,0,0,0,6,1,1,0,1,70,1,True,False
3,294,72,1,0,0,1,0,0,0,0,0,0,3,1,0,0,10,1,1,0,2,77,10,True,True
3,295,0,0,0,0,0,0,0,0,0,0,0,0,0,0,0,0,0,0,0,0,0,0,False,False
3,296,90,0,0,0,1,0,0,0,0,0,0,0,0,0,1,32,9,0,0,0,56,3,True,False
3,297,90,0,0,0,1,0,0,0,0,0,0,0,0,0,0,18,3,0,0,0,21,2,True,False
3,298,90,0,0,0,1,0,0,0,0,0,3,0,0,0,0,31,11,0,0,0,52,4,True,False
3,299,90,0,0,0,1,0,0,0,0,0,0,0,0,0,0,38,2,0,0,0,24,2,True,False
3,300,45,0,0,0,0,0,0,0,0,0,0,0,0,0,0,25,7,0,1,0,0,2,True,False
3,301,90,0,0,0,1,0,0,0,1,0,0,0,0,0,0,42,8,0,0,0,26,3,True,False
3,302,17,0,0,0,0,0,0,0,0,0,0,0,0,0,0,9,3,0,0,0,0,1,True,False
3,303,0,0,0,0,0,0,0,0,0,0,0,0,0,0,0,0,0,0,0,0,0,0,False,False
3,304,90,0,0,0,1,0,0,0,0,0,0,0,0,0,0,45,11,0,0,0,54,4,True,False
3,305,24,0,0,0,0,0,0,0,0,0,0,0,0,0,0,3,3,0,0,1,0,1,True,False
3,306,17,0,0,0,0,0,0,0,0,0,0,0,0,0,0,7,1,0,0,0,0,1,True,False
3,307,45,0,0,0,1,0,0,0,0,0,0,1,0,0,1,8,4,0,0,1,70,2,True,False
3,308,0,0,0,0,0,0,0,0,0,0,0,0,0,0,0,0,0,0,0,0,0,0,False,False
3,309,90,0,1,0,1,0,0,0,0,0,0,0,0,0,1,14,6,0,0,0,37,6,True,False
3,310,0,0,0,0,0,0,0,0,0,0,0,0,0,0,0,0,0,0,0,0,0,0,False,False
3,311,0,0,0,0,0,0,0,0,0,0,0,0,0,0,0,0,0,0,0,0,0,0,False,False
3,312,0,0,0,0,0,0,0,0,0,0,0,0,0,0,0,0,0,0,0,0,0,0,False,False
3,313,0,0,0,0,0,0,0,0,0,0,0,0,0,0,0,0,0,0,0,0,0,0,False,False
3,314,0,0,0,0,0,0,0,0,0,0,0,0,0,0,0,0,0,0,0,0,0,0,False,False
3,315,0,0,0,0,0,0,0,0,0,0,0,0,0,0,0,0,0,0,0,0,0,0,False,False
3,316,0,0,0,0,0,0,0,0,0,0,0,0,0,0,0,0,0,0,0,0,0,0,False,False
3,317,0,0,0,0,0,0,0,0,0,0,0,0,0,0,0,0,0,0,0,0,0,0,False,False
3,318,65,0,0,0,1,0,0,0,0,0,0,0,0,0,0,8,3,0,0,0,38,2,True,False
3,319,0,0,0,0,0,0,0,0,0,0,0,0,0,0,0,0,0,0,0,0,0,0,False,False
3,320,0,0,0,0,0,0,0,0,0,0,0,0,0,0,0,0,0,0,0,0,0,0,False,False
3,321,0,0,0,0,0,0,0,0,0,0,0,0,0,0,0,0,0,0,0,0,0,0,False,False
3,322,0,0,0,0,0,0,0,0,0,0,0,0,0,0,0,0,0,0,0,0,0,0,False,False
3,323,0,0,0,0,0,0,0,0,0,0,0,0,0,0,0,0,0,0,0,0,0,0,False,False
3,324,0,0,0,0,0,0,0,0,0,0,0,0,0,0,0,0,0,0,0,0,0,0,False,False
3,325,0,0,0,0,0,0,0,0,0,0,0,0,0,0,0,0,0,0,0,0,0,0,False,False
3,326,0,0,0,0,0,0,0,0,0,0,0,0,0,0,0,0,0,0,0,0,0,0,False,False
3,327,45,0,0,0,2,0,0,0,0,0,0,0,0,0,0,3,0,1,0,0,40,1,True,False
3,328,90,0,2,0,2,0,0,0,1,0,0,0,1,0,1,14,6,3,3,0,78,11,True,False
3,329,90,2,0,0,2,0,0,0,0,0,0,0,0,1,1,16,2,3,0,1,84,14,True,True
3,330,67,0,0,0,2,0,0,0,0,0,0,0,0,0,0,16,1,1,0,0,24,2,True,False
3,331,0,0,0,0,0,0,0,0,0,0,0,0,0,0,0,0,0,0,0,0,0,0,False,False
3,332,15,0,0,0,0,0,0,0,0,0,0,0,0,0,0,5,0,0,0,0,0,1,True,False
3,333,90,0,0,0,2,0,0,0,0,0,0,0,0,0,1,44,10,0,0,1,67,3,True,False
3,334,11,0,0,0,2,0,0,0,0,1,1,0,0,0,0,4,1,0,0,0,0,-3,True,False
3,335,0,0,0,0,0,0,0,0,0,0,0,0,0,0,0,0,0,0,0,0,0,0,False,False
3,336,22,0,0,0,0,0,0,0,0,0,0,0,0,0,0,1,2,0,0,0,0,1,True,False
3,337,45,0,0,0,0,0,0,0,0,0,0,0,0,0,1,18,3,0,0,0,0,1,True,False
3,338,90,1,0,0,2,0,0,0,0,0,0,2,0,0,1,23,7,1,0,0,86,10,True,True
3,339,90,0,0,0,2,0,0,0,0,0,0,0,0,0,1,22,6,0,0,0,64,2,True,False
3,340,0,0,0,0,0,0,0,0,0,0,0,0,0,0,0,0,0,0,0,0,0,0,False,False
3,341,0,0,0,0,0,0,0,0,0,0,0,0,0,0,0,0,0,0,0,0,0,0,False,False
3,342,22,0,1,0,0,0,0,0,0,0,0,0,0,0,0,14,4,0,1,0,0,4,True,False
3,343,0,0,0,0,0,0,0,0,0,0,0,0,0,0,0,0,0,0,0,0,0,0,False,False
3,344,0,0,0,0,0,0,0,0,0,0,0,0,0,0,0,0,0,0,0,0,0,0,False,False
3,345,0,0,0,0,0,0,0,0,0,0,0,0,0,0,0,0,0,0,0,0,0,0,False,False
3,346,0,0,0,0,0,0,0,0,0,0,0,0,0,0,0,0,0,0,0,0,0,0,False,False
3,347,0,0,0,0,0,0,0,0,0,0,0,0,0,0,0,0,0,0,0,0,0,0,False,False
3,348,0,0,0,0,0,0,0,0,0,0,0,0,0,0,0,0,0,0,0,0,0,0,False,False
3,349,0,0,0,0,0,0,0,0,0,0,0,0,0,0,0,0,0,0,0,0,0,0,False,False
3,350,0,0,0,0,0,0,0,0,0,0,0,0,0,0,0,0,0,0,0,0,0,0,False,False
3,351,0,0,0,0,0,0,0,0,0,0,0,0,0,0,0,0,0,0,0,0,0,0,False,False
3,352,0,0,0,0,0,0,0,0,0,0,0,0,0,0,0,0,0,0,0,0,0,0,False,False
3,353,0,0,0,0,0,0,0,0,0,0,0,0,0,0,0,0,0,0,0,0,0,0,False,False
3,354,0,0,0,0,0,0,0,0,0,0,0,0,0,0,0,0,0,0,0,0,0,0,False,False
3,355,0,0,0,0,0,0,0,0,0,0,0,0,0,0,0,0,0,0,0,0,0,0,False,False
3,356,90,0,0,0,2,0,0,0,0,0,0,0,0,0,0,12,2,1,0,2,71,1,True,False
3,357,0,0,0,0,0,0,0,0,0,0,0,0,0,0,0,0,0,0,0,0,0,0,False,False
3,358,1,0,0,0,0,0,0,0,0,0,0,0,0,0,0,0,1,0,0,0,0,1,True,False
3,359,0,0,0,0,0,0,0,0,0,0,0,0,0,0,0,0,0,0,0,0,0,0,False,False
3,360,90,0,0,0,2,0,0,0,0,0,0,0,0,0,0,17,6,0,0,0,45,2,True,False
3,361,0,0,0,0,0,0,0,0,0,0,0,0,0,0,0,0,0,0,0,0,0,0,False,False
3,362,0,0,0,0,0,0,0,0,0,0,0,0,0,0,0,0,0,0,0,0,0,0,False,False
3,363,0,0,0,0,0,0,0,0,0,0,0,0,0,0,0,0,0,0,0,0,0,0,False,False
3,364,0,0,0,0,0,0,0,0,0,0,0,0,0,0,0,0,0,0,0,0,0,0,False,False
3,365,0,0,0,0,0,0,0,0,0,0,0,0,0,0,0,0,0,0,0,0,0,0,False,False
3,366,0,0,0,0,0,0,0,0,0,0,0,0,0,0,0,0,0,0,0,0,0,0,False,False
3,367,0,0,0,0,0,0,0,0,0,0,0,0,0,0,0,0,0,0,0,0,0,0,False,False
3,368,0,0,0,0,0,0,0,0,0,0,0,0,0,0,0,0,0,0,0,0,0,0,False,False
3,369,0,0,0,0,0,0,0,0,0,0,0,0,0,0,0,0,0,0,0,0,0,0,False,False
3,370,0,0,0,0,0,0,0,0,0,0,0,0,0,0,0,0,0,0,0,0,0,0,False,False
3,371,0,0,0,0,0,0,0,0,0,0,0,0,0,0,0,0,0,0,0,0,0,0,False,False
3,372,0,0,0,0,0,0,0,0,0,0,0,0,0,0,0,0,0,0,0,0,0,0,False,False
3,373,90,0,0,0,3,1,0,0,0,0,6,0,0,0,0,13,10,0,0,0,25,2,True,False
3,374,0,0,0,0,0,0,0,0,0,0,0,0,0,0,0,0,0,0,0,0,0,0,False,False
3,375,90,0,0,0,3,0,0,0,0,0,0,0,0,0,0,13,10,0,0,0,18,2,True,False
3,376,0,0,0,0,0,0,0,0,0,0,0,0,0,0,0,0,0,0,0,0,0,0,False,False
3,377,90,0,0,0,3,0,0,0,0,0,0,0,0,0,1,16,13,0,0,0,22,3,True,False
3,378,0,0,0,0,0,0,0,0,0,0,0,0,0,0,0,0,0,0,0,0,0,0,False,False
3,379,29,0,0,0,0,0,0,0,0,0,0,0,0,0,1,5,2,0,0,0,0,1,True,False
3,380,11,0,0,0,1,0,0,0,0,0,0,0,0,0,0,1,2,0,0,0,0,1,True,False
3,381,0,0,0,0,0,0,0,0,0,0,0,0,0,0,0,0,0,0,0,0,0,0,False,False
3,382,0,0,0,0,0,0,0,0,0,0,0,0,0,0,0,0,0,0,0,0,0,0,False,False
3,383,0,0,0,0,0,0,0,0,0,0,0,0,0,0,0,0,0,0,0,0,0,0,False,False
3,384,0,0,0,0,0,0,0,0,0,0,0,0,0,0,0,0,0,0,0,0,0,0,False,False
3,385,0,0,0,0,0,0,0,0,0,0,0,0,0,0,0,0,0,0,0,0,0,0,False,False
3,386,0,0,0,0,0,0,0,0,0,0,0,0,0,0,0,0,0,0,0,0,0,0,False,False
3,387,0,0,0,0,0,0,0,0,0,0,0,0,0,0,0,0,0,0,0,0,0,0,False,False
3,388,0,0,0,0,0,0,0,0,0,0,0,0,0,0,0,0,0,0,0,0,0,0,False,False
3,389,0,0,0,0,0,0,0,0,0,0,0,0,0,0,0,0,0,0,0,0,0,0,False,False
3,390,0,0,0,0,0,0,0,0,0,0,0,0,0,0,0,0,0,0,0,0,0,0,False,False
3,391,0,0,0,0,0,0,0,0,0,0,0,0,0,0,0,0,0,0,0,0,0,0,False,False
3,392,0,0,0,0,0,0,0,0,0,0,0,0,0,0,0,0,0,0,0,0,0,0,False,False
3,393,90,0,0,0,3,0,0,0,1,0,0,0,0,0,0,35,13,0,0,0,41,3,True,False
3,394,85,1,0,0,3,0,0,0,0,0,0,0,0,0,0,14,4,1,0,0,60,7,True,False
3,395,78,1,1,0,2,0,0,0,0,0,0,0,0,0,1,13,1,2,1,1,81,10,True,True
3,396,0,0,0,0,0,0,0,0,0,0,0,0,0,0,0,0,0,0,0,0,0,0,False,False
3,397,90,0,0,0,3,0,0,0,0,0,0,0,0,0,1,59,9,0,0,0,58,3,True,False
3,398,0,0,0,0,0,0,0,0,0,0,0,0,0,0,0,0,0,0,0,0,0,0,False,False
3,399,0,0,0,0,0,0,0,0,0,0,0,0,0,0,0,0,0,0,0,0,0,0,False,False
3,400,0,0,0,0,0,0,0,0,0,0,0,0,0,0,0,0,0,0,0,0,0,0,False,False
3,401,0,0,0,0,0,0,0,0,0,0,0,0,0,0,0,0,0,0,0,0,0,0,False,False
3,402,0,0,0,0,0,0,0,0,0,0,0,0,0,0,0,0,0,0,0,0,0,0,False,False
3,403,0,0,0,0,0,0,0,0,0,0,0,0,0,0,0,0,0,0,0,0,0,0,False,False
3,404,0,0,0,0,0,0,0,0,0,0,0,0,0,0,0,0,0,0,0,0,0,0,False,False
3,405,0,0,0,0,0,0,0,0,0,0,0,0,0,0,0,0,0,0,0,0,0,0,False,False
3,406,0,0,0,0,0,0,0,0,0,0,0,0,0,0,0,0,0,0,0,0,0,0,False,False
3,407,90,0,0,0,3,0,0,0,0,0,1,0,0,0,0,12,8,0,0,0,28,0,True,False
3,408,0,0,0,0,0,0,0,0,0,0,0,0,0,0,0,0,0,0,0,0,0,0,False,False
3,409,0,0,0,0,0,0,0,0,0,0,0,0,0,0,0,0,0,0,0,0,0,0,False,False
3,410,0,0,0,0,0,0,0,0,0,0,0,0,0,0,0,0,0,0,0,0,0,0,False,False
3,411,0,0,0,0,0,0,0,0,0,0,0,0,0,0,0,0,0,0,0,0,0,0,False,False
3,412,0,0,0,0,0,0,0,0,0,0,0,0,0,0,0,0,0,0,0,0,0,0,False,False
3,413,0,0,0,0,0,0,0,0,0,0,0,0,0,0,0,0,0,0,0,0,0,0,False,False
3,414,0,0,0,0,0,0,0,0,0,0,0,0,0,0,0,0,0,0,0,0,0,0,False,False
3,415,0,0,0,0,0,0,0,0,0,0,0,0,0,0,0,0,0,0,0,0,0,0,False,False
3,416,20,0,0,0,0,0,0,0,0,0,0,0,0,0,0,8,3,1,0,0,0,1,True,False
3,417,0,0,0,0,0,0,0,0,0,0,0,0,0,0,0,0,0,0,0,0,0,0,False,False
3,418,0,0,0,0,0,0,0,0,0,0,0,0,0,0,0,0,0,0,0,0,0,0,False,False
3,419,69,0,0,0,3,0,0,0,0,0,0,0,0,0,0,17,7,0,0,2,74,1,True,False
3,420,0,0,0,0,0,0,0,0,0,0,0,0,0,0,0,0,0,0,0,0,0,0,False,False
3,421,0,0,0,0,0,0,0,0,0,0,0,0,0,0,0,0,0,0,0,0,0,0,False,False
3,422,90,0,0,0,3,0,0,0,0,0,0,0,0,0,0,56,10,0,0,0,46,3,True,False
3,423,45,0,0,0,1,0,0,0,0,0,0,0,0,0,2,31,6,0,0,0,0,2,True,False
3,424,0,0,0,0,0,0,0,0,0,0,0,0,0,0,0,0,0,0,0,0,0,0,False,False
3,425,90,0,0,0,3,0,0,0,0,0,0,0,0,0,2,27,4,1,0,0,35,2,True,False
3,426,0,0,0,0,0,0,0,0,0,0,0,0,0,0,0,0,0,0,0,0,0,0,False,False
3,427,90,1,0,0,3,0,0,0,0,0,0,1,0,0,0,37,3,1,1,1,89,8,True,False
3,428,0,0,0,0,0,0,0,0,0,0,0,0,0,0,0,0,0,0,0,0,0,0,False,False
3,429,90,0,1,0,3,0,0,0,0,0,0,3,0,0,0,84,11,1,0,0,97,11,True,False
3,430,0,0,0,0,0,0,0,0,0,0,0,0,0,0,0,0,0,0,0,0,0,0,False,False
3,431,90,1,2,0,3,0,0,0,0,0,0,2,1,0,0,36,2,2,1,1,95,16,True,True
3,432,83,0,0,1,0,0,0,0,1,0,0,0,0,0,1,49,10,0,0,0,61,7,True,False
3,433,0,0,0,0,0,0,0,0,0,0,0,0,0,0,0,0,0,0,0,0,0,0,False,False
3,434,3,0,0,0,1,0,0,0,0,0,0,0,0,0,0,1,0,0,0,0,0,1,True,False
3,435,90,0,0,0,3,0,0,0,0,0,0,0,0,0,1,10,2,1,0,0,78,2,True,False
3,436,83,0,0,1,0,0,0,0,0,0,0,0,0,0,0,25,4,1,2,1,62,4,True,False
3,437,90,0,0,1,0,0,0,0,0,0,0,0,0,0,2,99,8,1,0,0,82,6,True,False
3,438,90,0,0,1,0,0,0,0,0,0,5,0,1,0,0,20,7,0,0,0,75,10,True,False
3,439,0,0,0,0,0,0,0,0,0,0,0,0,0,0,0,0,0,0,0,0,0,0,False,False
3,440,0,0,0,0,0,0,0,0,0,0,0,0,0,0,0,0,0,0,0,0,0,0,False,False
3,441,90,0,0,1,0,0,0,0,0,0,0,0,0,0,1,66,13,0,0,0,79,9,True,False
3,442,0,0,0,0,0,0,0,0,0,0,0,0,0,0,0,0,0,0,0,0,0,0,False,False
3,443,17,0,0,0,0,0,0,0,0,0,0,0,0,0,0,5,0,0,0,0,0,1,True,False
3,444,0,0,0,0,0,0,0,0,0,0,0,0,0,0,0,0,0,0,0,0,0,0,False,False
3,445,17,0,0,0,0,0,0,0,0,0,0,0,0,0,1,6,2,0,0,1,0,1,True,False
3,446,0,0,0,0,0,0,0,0,0,0,0,0,0,0,0,0,0,0,0,0,0,0,False,False
3,447,0,0,0,0,0,0,0,0,0,0,0,0,0,0,0,0,0,0,0,0,0,0,False,False
3,448,0,0,0,0,0,0,0,0,0,0,0,0,0,0,0,0,0,0,0,0,0,0,False,False
3,449,0,0,0,0,0,0,0,0,0,0,0,0,0,0,0,0,0,0,0,0,0,0,False,False
3,450,90,0,0,1,0,0,0,0,0,0,0,1,0,0,1,26,6,1,0,0,90,8,True,False
3,451,0,0,0,0,0,0,0,0,0,0,0,0,0,0,0,0,0,0,0,0,0,0,False,False
3,452,90,1,0,0,1,0,0,0,0,0,0,0,0,0,1,18,4,1,0,0,63,7,True,False
3,453,0,0,0,0,0,0,0,0,0,0,0,0,0,0,0,0,0,0,0,0,0,0,False,False
3,454,90,0,0,1,0,0,0,0,0,0,0,0,0,0,0,19,4,1,0,0,59,2,True,False
3,455,0,0,0,0,0,0,0,0,0,0,0,0,0,0,0,0,0,0,0,0,0,0,False,False
3,456,72,0,0,1,0,0,0,0,0,0,0,0,0,0,2,16,3,1,0,0,77,3,True,False
3,457,24,0,0,0,0,0,0,0,0,0,0,0,0,0,0,12,2,0,1,0,0,1,True,False
3,458,90,0,0,1,0,0,0,0,0,0,0,3,0,0,1,55,9,1,0,1,96,11,True,True
3,459,0,0,0,0,0,0,0,0,0,0,0,0,0,0,0,0,0,0,0,0,0,0,False,False
3,460,0,0,0,0,0,0,0,0,0,0,0,0,0,0,0,0,0,0,0,0,0,0,False,False
3,461,0,0,0,0,0,0,0,0,0,0,0,0,0,0,0,0,0,0,0,0,0,0,False,False
3,462,90,0,0,1,0,0,0,0,0,0,5,3,0,0,0,33,6,0,0,0,91,12,True,False
3,463,0,0,0,0,0,0,0,0,0,0,0,0,0,0,0,0,0,0,0,0,0,0,False,False
3,464,45,0,0,0,0,0,0,0,0,0,0,0,0,0,3,17,7,0,0,0,37,3,True,False
3,465,90,0,0,1,0,0,0,0,0,0,0,0,0,0,0,71,11,0,0,0,73,8,True,False
3,466,90,0,1,1,0,0,0,0,1,0,0,1,0,0,4,34,6,0,0,0,76,11,True,True
3,467,45,0,0,0,0,0,0,0,0,0,0,0,0,0,0,12,4,0,0,0,0,1,True,False
3,468,76,0,0,1,0,0,0,0,0,0,0,0,0,0,2,41,7,0,1,0,70,9,True,False
3,469,0,0,0,0,0,0,0,0,0,0,0,0,0,0,0,0,0,0,0,0,0,0,False,False
3,470,90,0,0,1,0,0,0,0,0,0,0,0,0,0,1,18,2,0,0,0,24,3,True,False
3,471,69,1,0,1,0,0,0,0,0,0,0,0,0,0,0,7,1,1,0,0,71,7,True,False
3,472,0,0,0,0,0,0,0,0,0,0,0,0,0,0,0,0,0,0,0,0,0,0,False,False
3,473,86,0,0,1,0,0,0,0,0,0,0,0,0,0,0,39,5,0,0,1,42,3,True,False
3,474,0,0,0,0,0,0,0,0,0,0,0,0,0,0,0,0,0,0,0,0,0,0,False,False
3,475,3,0,0,0,0,0,0,0,0,0,0,0,0,0,0,2,1,0,0,1,0,1,True,False
3,476,0,0,0,0,0,0,0,0,0,0,0,0,0,0,0,0,0,0,0,0,0,0,False,False
3,477,90,0,1,1,0,0,0,0,0,0,0,0,0,0,0,23,11,0,0,0,47,7,True,False
3,478,0,0,0,0,0,0,0,0,0,0,0,0,0,0,0,0,0,0,0,0,0,0,False,False
3,479,0,0,0,0,0,0,0,0,0,0,0,0,0,0,0,0,0,0,0,0,0,0,False,False
3,480,13,0,0,0,0,0,0,0,0,0,0,0,0,0,0,5,2,0,0,0,0,1,True,False
3,481,0,0,0,0,0,0,0,0,0,0,0,0,0,0,0,0,0,0,0,0,0,0,False,False
3,482,0,0,0,0,0,0,0,0,0,0,0,0,0,0,0,0,0,0,0,0,0,0,False,False
3,483,0,0,0,0,0,0,0,0,0,0,0,0,0,0,0,0,0,0,0,0,0,0,False,False
3,484,90,0,0,1,0,0,0,0,0,0,0,0,0,0,0,39,1,0,0,0,67,3,True,False
3,485,0,0,0,0,0,0,0,0,0,0,0,0,0,0,0,0,0,0,0,0,0,0,False,False
3,486,0,0,0,0,0,0,0,0,0,0,0,0,0,0,0,0,0,0,0,0,0,0,False,False
3,487,0,0,0,0,0,0,0,0,0,0,0,0,0,0,0,0,0,0,0,0,0,0,False,False
3,488,20,0,0,0,0,0,0,0,0,0,0,0,0,0,0,6,1,1,0,0,0,1,True,False
3,489,0,0,0,0,0,0,0,0,0,0,0,0,0,0,0,0,0,0,0,0,0,0,False,False
3,490,0,0,0,0,0,0,0,0,0,0,0,0,0,0,0,0,0,0,0,0,0,0,False,False
3,491,0,0,0,0,0,0,0,0,0,0,0,0,0,0,0,0,0,0,0,0,0,0,False,False
3,492,0,0,0,0,0,0,0,0,0,0,0,0,0,0,0,0,0,0,0,0,0,0,False,False
3,493,0,0,0,0,0,0,0,0,0,0,0,0,0,0,0,0,0,0,0,0,0,0,False,False
3,494,0,0,0,0,0,0,0,0,0,0,0,0,0,0,0,0,0,0,0,0,0,0,False,False
3,495,0,0,0,0,0,0,0,0,0,0,0,0,0,0,0,0,0,0,0,0,0,0,False,False
3,496,90,0,0,0,1,0,0,0,0,0,0,0,0,0,1,42,13,0,0,0,68,5,True,False
3,497,0,0,0,0,0,0,0,0,0,0,0,0,0,0,0,0,0,0,0,0,0,0,False,False
3,498,90,0,0,0,1,0,0,0,1,0,0,0,0,0,0,31,13,0,0,0,49,2,True,False
3,499,79,0,0,1,0,0,0,0,1,0,0,0,0,0,3,22,5,0,0,0,55,6,True,False
3,500,25,0,0,0,1,0,0,0,0,0,0,0,0,0,0,7,3,0,0,0,0,1,True,False
3,501,0,0,0,0,0,0,0,0,0,0,0,0,0,0,0,0,0,0,0,0,0,0,False,False
3,502,3,0,0,0,0,0,0,0,0,0,0,0,0,0,0,1,0,0,0,0,0,1,True,False
3,503,0,0,0,0,0,0,0,0,0,0,0,0,0,0,0,0,0,0,0,0,0,0,False,False
3,504,0,0,0,0,0,0,0,0,0,0,0,0,0,0,0,0,0,0,0,0,0,0,False,False
3,505,0,0,0,0,0,0,0,0,0,0,0,0,0,0,0,0,0,0,0,0,0,0,False,False
3,506,0,0,0,0,0,0,0,0,0,0,0,0,0,0,0,0,0,0,0,0,0,0,False,False
3,507,0,0,0,0,0,0,0,0,0,0,0,0,0,0,0,0,0,0,0,0,0,0,False,False
3,508,0,0,0,0,0,0,0,0,0,0,0,0,0,0,0,0,0,0,0,0,0,0,False,False
3,509,0,0,0,0,0,0,0,0,0,0,0,0,0,0,0,0,0,0,0,0,0,0,False,False
3,510,0,0,0,0,0,0,0,0,0,0,0,0,0,0,0,0,0,0,0,0,0,0,False,False
3,511,0,0,0,0,0,0,0,0,0,0,0,0,0,0,0,0,0,0,0,0,0,0,False,False
3,512,0,0,0,0,0,0,0,0,0,0,0,0,0,0,0,0,0,0,0,0,0,0,False,False
3,513,90,0,0,0,1,0,0,0,1,0,0,0,0,0,1,41,11,0,0,0,72,3,True,False
3,514,0,0,0,0,0,0,0,0,0,0,0,0,0,0,0,0,0,0,0,0,0,0,False,False
3,515,86,1,0,0,1,0,0,0,0,0,0,0,1,0,0,16,5,2,0,1,60,8,True,False
3,516,90,0,0,0,1,0,0,0,0,0,0,0,0,0,1,24,5,0,0,0,74,2,True,False
3,517,90,0,0,0,1,0,0,0,0,0,0,1,0,0,2,41,7,0,1,0,81,6,True,False
3,518,90,0,1,0,1,0,0,0,0,0,0,2,0,0,0,33,4,0,0,1,82,7,True,False
3,519,90,0,0,0,1,0,0,0,0,0,0,3,0,0,2,19,4,1,2,1,87,6,True,False
3,520,90,0,0,0,1,0,0,0,0,0,0,0,0,0,1,29,11,0,1,0,44,3,True,False
3,521,0,0,0,0,0,0,0,0,0,0,0,0,0,0,0,0,0,0,0,0,0,0,False,False
3,522,0,0,0,0,0,0,0,0,0,0,0,0,0,0,0,0,0,0,0,0,0,0,False,False
3,523,15,0,0,0,0,0,0,0,0,0,0,0,0,0,0,12,3,0,0,0,0,1,True,False
3,524,0,0,0,0,0,0,0,0,0,0,0,0,0,0,0,0,0,0,0,0,0,0,False,False
3,525,0,0,0,0,0,0,0,0,0,0,0,0,0,0,0,0,0,0,0,0,0,0,False,False
3,526,0,0,0,0,0,0,0,0,0,0,0,0,0,0,0,0,0,0,0,0,0,0,False,False
3,527,0,0,0,0,0,0,0,0,0,0,0,0,0,0,0,0,0,0,0,0,0,0,False,False
3,528,0,0,0,0,0,0,0,0,0,0,0,0,0,0,0,0,0,0,0,0,0,0,False,False
3,529,0,0,0,0,0,0,0,0,0,0,0,0,0,0,0,0,0,0,0,0,0,0,False,False
3,530,90,0,0,0,2,0,0,0,0,0,1,0,0,0,0,12,4,0,0,0,44,1,True,False
3,531,1,0,0,0,0,0,0,0,0,0,0,0,0,0,0,3,0,0,0,0,0,1,True,False
3,532,15,0,0,0,0,0,0,0,0,0,0,0,0,0,1,6,4,0,0,0,0,1,True,False
3,533,0,0,0,0,0,0,0,0,0,0,0,0,0,0,0,0,0,0,0,0,0,0,False,False
3,534,0,0,0,0,0,0,0,0,0,0,0,0,0,0,0,0,0,0,0,0,0,0,False,False
3,535,0,0,0,0,0,0,0,0,0,0,0,0,0,0,0,0,0,0,0,0,0,0,False,False
3,536,74,0,0,0,2,0,0,0,0,0,0,0,0,0,1,23,6,0,1,0,44,3,True,False
3,537,60,0,0,0,2,0,0,0,0,0,0,0,0,0,1,38,3,0,0,0,41,1,True,False
3,538,0,0,0,0,0,0,0,0,0,0,0,0,0,0,0,0,0,0,0,0,0,0,False,False
3,539,0,0,0,0,0,0,0,0,0,0,0,0,0,0,0,0,0,0,0,0,0,0,False,False
3,540,60,0,0,0,2,0,0,0,0,0,0,0,0,0,0,14,4,0,0,0,41,2,True,False
3,541,0,0,0,0,0,0,0,0,0,0,0,0,0,0,0,0,0,0,0,0,0,0,False,False
3,542,0,0,0,0,0,0,0,0,0,0,0,0,0,0,0,0,0,0,0,0,0,0,False,False
3,543,0,0,0,0,0,0,0,0,0,0,0,0,0,0,0,0,0,0,0,0,0,0,False,False
3,544,0,0,0,0,0,0,0,0,0,0,0,0,0,0,0,0,0,0,0,0,0,0,False,False
3,545,0,0,0,0,0,0,0,0,0,0,0,0,0,0,0,0,0,0,0,0,0,0,False,False
3,546,0,0,0,0,0,0,0,0,0,0,0,0,0,0,0,0,0,0,0,0,0,0,False,False
3,547,0,0,0,0,0,0,0,0,0,0,0,0,0,0,0,0,0,0,0,0,0,0,False,False
3,548,60,0,0,0,2,0,0,0,1,0,0,0,0,0,0,34,9,1,0,1,61,2,True,False
3,549,90,0,0,0,2,0,0,0,0,0,0,0,0,0,1,63,4,1,0,1,66,2,True,False
3,550,90,0,0,0,2,0,0,0,0,0,0,0,0,0,0,67,20,0,0,0,57,5,True,False
3,551,90,0,0,0,2,0,0,0,0,0,0,0,0,0,1,41,8,0,0,0,34,4,True,False
3,552,0,0,0,0,0,0,0,0,0,0,0,0,0,0,0,0,0,0,0,0,0,0,False,False
3,553,29,0,0,0,0,0,0,0,0,0,0,0,0,0,0,9,1,0,0,0,0,1,True,False
3,554,0,0,0,0,0,0,0,0,0,0,0,0,0,0,0,0,0,0,0,0,0,0,False,False
3,555,90,0,0,0,3,0,0,0,0,0,2,0,0,0,0,12,6,0,0,0,61,1,True,False
3,556,0,0,0,0,0,0,0,0,0,0,0,0,0,0,0,0,0,0,0,0,0,0,False,False
3,557,0,0,0,0,0,0,0,0,0,0,0,0,0,0,0,0,0,0,0,0,0,0,False,False
3,558,90,0,0,0,3,0,0,0,0,0,0,0,0,0,1,41,14,0,0,0,40,4,True,False
3,559,13,0,0,0,1,0,0,0,0,0,0,0,0,0,0,5,0,0,0,0,0,1,True,False
3,560,0,0,0,0,0,0,0,0,0,0,0,0,0,0,0,0,0,0,0,0,0,0,False,False
3,561,0,0,0,0,0,0,0,0,0,0,0,0,0,0,0,0,0,0,0,0,0,0,False,False
3,562,90,0,0,0,3,0,0,0,0,0,0,0,0,0,1,45,8,0,0,0,22,4,True,False
3,563,0,0,0,0,0,0,0,0,0,0,0,0,0,0,0,0,0,0,0,0,0,0,False,False
3,564,0,0,0,0,0,0,0,0,0,0,0,0,0,0,0,0,0,0,0,0,0,0,False,False
3,565,0,0,0,0,0,0,0,0,0,0,0,0,0,0,0,0,0,0,0,0,0,0,False,False
3,566,25,0,0,0,1,0,0,0,0,0,0,0,0,0,0,5,0,0,0,0,0,1,True,False
3,567,0,0,0,0,0,0,0,0,0,0,0,0,0,0,0,0,0,0,0,0,0,0,False,False
3,568,0,0,0,0,0,0,0,0,0,0,0,0,0,0,0,0,0,0,0,0,0,0,False,False
3,569,0,0,0,0,0,0,0,0,0,0,0,0,0,0,0,0,0,0,0,0,0,0,False,False
3,570,0,0,0,0,0,0,0,0,0,0,0,0,0,0,0,0,0,0,0,0,0,0,False,False
3,571,25,0,0,0,1,0,0,0,1,0,0,0,0,0,0,9,0,0,0,0,0,0,True,False
3,572,64,1,0,0,2,0,0,0,0,0,0,0,0,0,0,10,3,1,1,0,68,7,True,False
3,573,90,0,0,0,3,0,0,0,0,0,0,0,0,0,1,33,14,0,0,0,42,3,True,False
3,574,0,0,0,0,0,0,0,0,0,0,0,0,0,0,0,0,0,0,0,0,0,0,False,False
3,575,0,0,0,0,0,0,0,0,0,0,0,0,0,0,0,0,0,0,0,0,0,0,False,False
3,576,0,0,0,0,0,0,0,0,0,0,0,0,0,0,0,0,0,0,0,0,0,0,False,False
3,577,0,0,0,0,0,0,0,0,0,0,0,0,0,0,0,0,0,0,0,0,0,0,False,False
3,578,0,0,0,0,0,0,0,0,0,0,0,0,0,0,0,0,0,0,0,0,0,0,False,False
3,579,0,0,0,0,0,0,0,0,0,0,0,0,0,0,0,0,0,0,0,0,0,0,False,False
3,580,64,0,0,0,2,0,0,0,0,0,0,0,0,0,2,16,5,0,0,0,30,1,True,False
3,581,0,0,0,0,0,0,0,0,0,0,0,0,0,0,0,0,0,0,0,0,0,0,False,False
3,582,0,0,0,0,0,0,0,0,0,0,0,0,0,0,0,0,0,0,0,0,0,0,False,False
3,583,0,0,0,0,0,0,0,0,0,0,0,0,0,0,0,0,0,0,0,0,0,0,False,False
3,584,76,0,1,0,2,0,0,0,0,0,0,0,0,0,1,21,4,0,1,0,55,5,True,False
3,585,87,0,0,0,3,0,0,0,1,0,0,0,0,0,2,33,8,0,0,0,21,1,True,False
3,586,5,0,0,0,0,0,0,0,0,0,0,0,0,0,0,1,0,1,0,0,0,1,True,False
3,587,13,0,0,0,1,0,0,0,0,0,0,0,0,0,2,6,2,0,0,0,0,1,True,False
3,588,0,0,0,0,0,0,0,0,0,0,0,0,0,0,0,0,0,0,0,0,0,0,False,False
3,589,76,0,0,0,2,0,0,0,1,0,0,0,0,0,2,43,3,0,0,0,47,2,True,False
3,590,90,1,0,0,3,0,0,0,0,0,0,0,0,0,0,23,6,1,0,0,63,8,True,False
3,591,0,0,0,0,0,0,0,0,0,0,0,0,0,0,0,0,0,0,0,0,0,0,False,False
3,592,72,0,0,1,0,0,0,0,0,0,0,0,0,0,0,24,3,0,0,0,42,3,True,False
3,593,0,0,0,0,0,0,0,0,0,0,0,0,0,0,0,0,0,0,0,0,0,0,False,False
3,594,79,0,0,0,1,0,0,0,0,0,0,0,0,0,0,10,7,0,0,0,51,3,True,False
3,595,90,0,0,0,1,0,0,0,0,0,3,0,0,0,0,9,5,0,0,0,79,3,True,False
3,596,0,0,0,0,0,0,0,0,0,0,0,0,0,0,0,0,0,0,0,0,0,0,False,False
3,597,90,0,1,0,3,0,0,0,0,0,0,0,0,0,0,15,2,0,1,1,65,5,True,False
3,598,0,0,0,0,0,0,0,0,0,0,0,0,0,0,0,0,0,0,0,0,0,0,False,False
3,599,0,0,0,0,0,0,0,0,0,0,0,0,0,0,0,0,0,0,0,0,0,0,False,False
3,600,0,0,0,0,0,0,0,0,0,0,0,0,0,0,0,0,0,0,0,0,0,0,False,False
3,601,0,0,0,0,0,0,0,0,0,0,0,0,0,0,0,0,0,0,0,0,0,0,False,False
3,602,0,0,0,0,0,0,0,0,0,0,0,0,0,0,0,0,0,0,0,0,0,0,False,False
3,603,0,0,0,0,0,0,0,0,0,0,0,0,0,0,0,0,0,0,0,0,0,0,False,False
3,604,0,0,0,0,0,0,0,0,0,0,0,0,0,0,0,0,0,0,0,0,0,0,False,False
3,605,0,0,0,0,0,0,0,0,0,0,0,0,0,0,0,0,0,0,0,0,0,0,False,False
3,606,0,0,0,0,0,0,0,0,0,0,0,0,0,0,0,0,0,0,0,0,0,0,False,False
3,607,0,0,0,0,0,0,0,0,0,0,0,0,0,0,0,0,0,0,0,0,0,0,False,False
3,608,0,0,0,0,0,0,0,0,0,0,0,0,0,0,0,0,0,0,0,0,0,0,False,False
3,609,6,0,0,0,0,0,0,0,0,0,0,0,0,0,0,6,1,0,0,0,0,1,True,False
3,610,6,0,0,0,0,0,0,0,0,0,0,0,0,0,0,8,4,0,0,0,0,1,True,False
3,611,45,0,0,0,0,0,0,0,0,0,0,0,0,0,0,7,3,1,0,0,0,1,True,False
3,612,45,0,0,0,0,0,0,0,0,0,0,0,0,0,0,25,2,0,0,0,0,1,True,False
3,613,0,0,0,0,0,0,0,0,0,0,0,0,0,0,0,0,0,0,0,0,0,0,False,False
3,614,0,0,0,0,0,0,0,0,0,0,0,0,0,0,0,0,0,0,0,0,0,0,False,False
3,615,90,0,0,0,1,0,0,0,0,0,0,0,0,0,0,58,4,0,0,0,48,3,True,False
3,616,22,0,0,0,3,0,0,0,0,0,0,0,0,0,0,11,0,0,0,0,0,1,True,False
3,617,0,0,0,0,0,0,0,0,0,0,0,0,0,0,0,0,0,0,0,0,0,0,False,False
3,618,0,0,0,0,0,0,0,0,0,0,0,0,0,0,0,0,0,0,0,0,0,0,False,False
3,619,0,0,0,0,0,0,0,0,0,0,0,0,0,0,0,0,0,0,0,0,0,0,False,False
3,620,0,0,0,0,0,0,0,0,0,0,0,0,0,0,0,0,0,0,0,0,0,0,False,False
3,621,72,0,0,0,1,0,0,0,0,0,0,0,0,0,0,27,9,0,0,0,53,3,True,False
3,622,90,0,0,0,2,0,0,0,0,0,0,0,0,0,3,41,9,0,1,0,66,5,True,False
3,623,74,0,0,0,2,0,0,0,0,0,0,0,0,0,0,28,1,2,0,0,38,2,True,False
3,624,90,0,0,1,0,0,0,0,0,0,0,0,0,0,0,28,10,0,0,0,33,7,True,False
3,625,72,0,0,1,0,0,0,0,0,0,0,0,0,0,0,20,6,2,0,0,55,4,True,False
3,626,0,0,0,0,0,0,0,0,0,0,0,0,0,0,0,0,0,0,0,0,0,0,False,False
3,627,0,0,0,0,0,0,0,0,0,0,0,0,0,0,0,0,0,0,0,0,0,0,False,False
3,628,90,0,0,0,1,0,0,0,0,0,0,0,0,0,3,65,6,0,0,0,45,5,True,False
3,629,90,0,0,0,1,0,0,0,0,0,0,0,0,0,0,72,7,0,0,0,68,4,True,False
3,630,88,1,1,0,3,0,0,0,0,0,0,0,0,0,0,5,3,1,1,0,71,10,True,False
3,631,90,0,1,0,3,0,0,0,0,0,0,0,0,0,1,24,12,0,2,0,50,8,True,False
3,632,90,0,0,0,3,0,0,0,0,0,0,0,0,0,1,27,7,0,0,0,35,3,True,False
3,633,79,1,0,0,1,0,0,0,0,0,0,3,0,0,0,20,9,2,0,1,91,11,True,False
3,634,83,0,0,0,1,0,0,0,0,0,0,0,0,0,0,35,10,0,0,0,63,3,True,False
3,635,65,0,0,0,1,0,0,0,0,0,0,0,0,0,1,26,9,0,0,0,54,3,True,False
3,636,20,0,0,0,0,0,0,0,0,0,0,0,0,0,0,2,3,0,1,1,0,2,True,False
3,637,0,0,0,0,0,0,0,0,0,0,0,0,0,0,0,0,0,0,0,0,0,0,False,False
3,638,0,0,0,0,0,0,0,0,0,0,0,0,0,0,0,0,0,0,0,0,0,0,False,False
3,639,67,0,0,1,0,0,0,0,0,0,0,0,0,0,0,13,1,1,0,0,61,3,True,False
3,640,0,0,0,0,0,0,0,0,0,0,0,0,0,0,0,0,0,0,0,0,0,0,False,False
3,641,90,0,0,0,3,0,0,0,1,0,0,0,0,0,2,16,9,0,0,0,22,1,True,False
3,642,0,0,0,0,0,0,0,0,0,0,0,0,0,0,0,0,0,0,0,0,0,0,False,False
3,643,0,0,0,0,0,0,0,0,0,0,0,0,0,0,0,0,0,0,0,0,0,0,False,False
3,644,0,0,0,0,0,0,0,0,0,0,0,0,0,0,0,0,0,0,0,0,0,0,False,False
3,645,4,0,0,0,0,0,0,0,0,0,0,0,0,0,0,1,3,0,0,0,0,1,True,False
3,646,0,0,0,0,0,0,0,0,0,0,0,0,0,0,0,0,0,0,0,0,0,0,False,False
3,647,72,0,0,1,0,0,0,0,0,0,0,0,0,0,2,7,3,0,0,0,17,3,True,False
3,648,67,0,0,0,2,0,0,0,0,0,0,0,0,0,0,31,6,0,0,0,64,3,True,False
3,649,64,0,0,1,0,0,0,0,0,0,0,0,0,0,0,12,5,1,0,1,45,2,True,False
3,650,74,0,0,0,2,0,0,0,0,0,2,0,0,0,0,11,9,0,0,0,0,2,True,False
3,651,90,0,0,0,1,0,0,0,0,0,0,0,0,0,0,9,1,1,0,1,55,2,True,False
3,652,0,0,0,0,0,0,0,0,0,0,0,0,0,0,0,0,0,0,0,0,0,0,False,False
3,653,0,0,0,0,0,0,0,0,0,0,0,0,0,0,0,0,0,0,0,0,0,0,False,False
3,654,90,0,0,0,3,0,0,0,0,0,0,0,0,0,2,38,9,0,0,0,71,2,True,False
3,655,4,0,0,0,0,0,0,0,0,0,0,0,0,0,0,0,0,0,0,0,0,1,True,False
3,656,0,0,0,0,0,0,0,0,0,0,0,0,0,0,0,0,0,0,0,0,0,0,False,False
3,657,0,0,0,0,0,0,0,0,0,0,0,0,0,0,0,0,0,0,0,0,0,0,False,False
3,658,90,1,0,1,0,0,0,0,0,0,0,2,1,1,1,29,8,1,1,0,79,13,True,True
3,659,0,0,0,0,0,0,0,0,0,0,0,0,0,0,0,0,0,0,0,0,0,0,False,False
3,660,19,0,0,0,0,0,0,0,0,0,0,0,0,0,0,9,0,0,0,0,0,1,True,False
3,661,90,0,0,0,1,0,0,0,1,0,0,0,0,0,0,10,3,2,0,1,45,1,True,False
3,662,60,0,0,0,3,0,0,0,0,1,0,0,0,0,0,28,11,0,0,0,35,0,True,False
3,663,45,0,0,0,2,0,0,0,0,0,0,0,0,0,2,31,5,1,0,0,88,1,True,False
3,664,65,0,0,1,0,0,0,0,0,0,0,0,0,0,1,34,7,0,0,0,59,4,True,False
3,665,0,0,0,0,0,0,0,0,0,0,0,0,0,0,0,0,0,0,0,0,0,0,False,False
3,666,2,0,0,0,0,0,0,0,0,0,0,0,0,0,0,0,0,0,0,0,0,1,True,False
3,667,0,0,0,0,0,0,0,0,0,0,0,0,0,0,0,0,0,0,0,0,0,0,False,False
3,668,90,0,0,0,1,0,0,0,0,0,0,0,0,0,0,30,2,0,0,0,28,2,True,False
3,669,0,0,0,0,0,0,0,0,0,0,0,0,0,0,0,0,0,0,0,0,0,0,False,False
3,670,38,0,0,0,3,0,0,0,0,0,0,0,0,0,0,14,1,0,0,0,0,1,True,False
3,671,0,0,0,0,0,0,0,0,0,0,0,0,0,0,0,0,0,0,0,0,0,0,False,False
